elo_rank,country_code,elo_rating,peak_elo,peak_rank,average_elo,lowest_elo,collected_at
1,ES,2259,2259,7,1947,1806,2026-09-25T16:52:43.095791+00:00
2,AR,2173,2200,5,1988,1751,2026-09-25T16:52:43.095791+00:00
3,EN,2125,2213,4,1983,1810,2026-09-25T16:52:43.095791+00:00
4,FR,2070,2163,16,1797,1515,2026-09-25T16:52:43.095791+00:00
5,CO,2003,2069,48,1622,1304,2026-09-25T16:52:43.095791+00:00
6,PT,1998,2060,19,1798,1624,2026-09-25T16:52:43.095791+00:00
7,BR,1990,2196,4,1999,1806,2026-09-25T16:52:43.095791+00:00
8,NL,1962,2153,15,1849,1552,2026-09-25T16:52:43.095791+00:00
8,NO,1962,1973,38,1625,1364,2026-09-25T16:52:43.095791+00:00
10,BE,1947,2157,24,1756,1504,2026-09-25T16:52:43.095791+00:00
11,CH,1928,1949,27,1690,1485,2026-09-25T16:52:43.095791+00:00
12,DE,1916,2222,8,1911,1637,2026-09-25T16:52:43.095791+00:00
13,MX,1913,1985,20,1785,1498,2026-09-25T16:52:43.095791+00:00
14,MA,1901,1923,43,1658,1510,2026-09-25T16:52:43.095791+00:00
15,JP,1897,1925,61,1469,1126,2026-09-25T16:52:43.095791+00:00
16,HR,1881,2015,12,1881,1780,2026-09-25T16:52:43.095791+00:00
17,IT,1869,2135,8,1916,1608,2026-09-25T16:52:43.095791+00:00
18,DK,1859,2074,20,1800,1541,2026-09-25T16:52:43.095791+00:00
19,TR,1852,1910,42,1614,1368,2026-09-25T16:52:43.095791+00:00
20,EC,1851,1938,64,1527,1183,2026-09-25T16:52:43.095791+00:00
21,UY,1832,2104,12,1877,1636,2026-09-25T16:52:43.095791+00:00
22,AT,1831,2070,20,1809,1549,2026-09-25T16:52:43.095791+00:00
23,PY,1814,1955,23,1756,1619,2026-09-25T16:52:43.095791+00:00
24,SN,1800,1879,56,1592,1387,2026-09-25T16:52:43.095791+00:00
25,AU,1797,1876,35,1671,1473,2026-09-25T16:52:43.095791+00:00
26,UA,1780,1873,31,1745,1561,2026-09-25T16:52:43.095791+00:00
27,RU,1772,2085,24,1740,1449,2026-09-25T16:52:43.095791+00:00
28,GR,1769,1932,49,1559,1273,2026-09-25T16:52:43.095791+00:00
29,NG,1767,1826,38,1669,1500,2026-09-25T16:52:43.095791+00:00
30,DZ,1756,1807,47,1622,1386,2026-09-25T16:52:43.095791+00:00
31,IR,1748,1853,41,1658,1445,2026-09-25T16:52:43.095791+00:00
32,US,1746,1890,40,1645,1408,2026-09-25T16:52:43.095791+00:00
33,SQ,1745,2104,14,1877,1597,2026-09-25T16:52:43.095791+00:00
34,KR,1743,1845,35,1687,1444,2026-09-25T16:52:43.095791+00:00
35,EG,1742,1872,37,1662,1529,2026-09-25T16:52:43.095791+00:00
36,CI,1739,1863,45,1640,1475,2026-09-25T16:52:43.095791+00:00
37,VE,1733,1829,83,1434,1217,2026-09-25T16:52:43.095791+00:00
38,SE,1731,2012,17,1796,1578,2026-09-25T16:52:43.095791+00:00
39,CA,1729,1841,49,1599,1471,2026-09-25T16:52:43.095791+00:00
40,KO,1728,1737,102,1422,1362,2026-09-25T16:52:43.095791+00:00
41,CL,1717,2040,28,1678,1383,2026-09-25T16:52:43.095791+00:00
42,HU,1710,2235,20,1835,1528,2026-09-25T16:52:43.095791+00:00
42,PL,1710,2084,30,1713,1530,2026-09-25T16:52:43.095791+00:00
44,RS,1709,2018,20,1788,1516,2026-09-25T16:52:43.095791+00:00
44,CD,1709,1782,62,1558,1388,2026-09-25T16:52:43.095791+00:00
46,PE,1700,1916,35,1679,1485,2026-09-25T16:52:43.095791+00:00
47,IE,1685,1917,24,1626,1237,2026-09-25T16:52:43.095791+00:00
48,SI,1682,1777,54,1625,1518,2026-09-25T16:52:43.095791+00:00
49,CZ,1680,2033,13,1856,1669,2026-09-25T16:52:43.095791+00:00
50,WA,1679,1909,22,1671,1403,2026-09-25T16:52:43.095791+00:00
51,SK,1667,1775,40,1681,1567,2026-09-25T16:52:43.095791+00:00
52,PA,1658,1773,99,1363,1154,2026-09-25T16:52:43.095791+00:00
53,GE,1654,1754,70,1554,1434,2026-09-25T16:52:43.095791+00:00
54,UZ,1647,1766,60,1597,1428,2026-09-25T16:52:43.095791+00:00
55,RO,1639,1944,29,1717,1501,2026-09-25T16:52:43.095791+00:00
56,IL,1637,1775,50,1617,1393,2026-09-25T16:52:43.095791+00:00
57,JO,1628,1701,111,1324,1093,2026-09-25T16:52:43.095791+00:00
58,CM,1621,1850,53,1604,1442,2026-09-25T16:52:43.095791+00:00
58,BO,1621,1798,60,1510,1243,2026-09-25T16:52:43.095791+00:00
60,CV,1619,1625,120,1304,1172,2026-09-25T16:52:43.095791+00:00
61,AL,1616,1675,74,1498,1362,2026-09-25T16:52:43.095791+00:00
62,EI,1605,1853,41,1654,1397,2026-09-25T16:52:43.095791+00:00
62,BA,1605,1806,53,1625,1468,2026-09-25T16:52:43.095791+00:00
64,SA,1600,1736,76,1498,1238,2026-09-25T16:52:43.095791+00:00
65,NM,1589,1667,72,1539,1401,2026-09-25T16:52:43.095791+00:00
66,ML,1588,1651,70,1523,1302,2026-09-25T16:52:43.095791+00:00
67,CR,1576,1866,36,1690,1475,2026-09-25T16:52:43.095791+00:00
68,HN,1570,1789,63,1501,1331,2026-09-25T16:52:43.095791+00:00
69,IS,1568,1841,81,1425,1259,2026-09-25T16:52:43.095791+00:00
70,GH,1560,1877,42,1650,1425,2026-09-25T16:52:43.095791+00:00
70,ZA,1560,1847,30,1723,1449,2026-09-25T16:52:43.095791+00:00
72,IQ,1556,1739,47,1628,1456,2026-09-25T16:52:43.095791+00:00
73,AE,1550,1692,98,1396,980,2026-09-25T16:52:43.095791+00:00
74,TN,1549,1757,47,1616,1438,2026-09-25T16:52:43.095791+00:00
75,AO,1543,1629,86,1457,1213,2026-09-25T16:52:43.095791+00:00
76,FI,1536,1757,62,1501,1247,2026-09-25T16:52:43.095791+00:00
77,NZ,1531,1642,66,1501,1340,2026-09-25T16:52:43.095791+00:00
78,HT,1530,1674,81,1418,1265,2026-09-25T16:52:43.095791+00:00
79,BF,1529,1617,98,1403,1265,2026-09-25T16:52:43.095791+00:00
80,JM,1527,1700,83,1414,1221,2026-09-25T16:52:43.095791+00:00
81,BY,1522,1666,80,1506,1350,2026-09-25T16:52:43.095791+00:00
82,GT,1504,1642,68,1486,1382,2026-09-25T16:52:43.095791+00:00
83,OM,1484,1633,127,1212,782,2026-09-25T16:52:43.095791+00:00
84,SY,1479,1618,86,1428,1253,2026-09-25T16:52:43.095791+00:00
85,CW,1471,1618,97,1381,1011,2026-09-25T16:52:43.095791+00:00
86,PS,1468,1483,121,1255,1155,2026-09-25T16:52:43.095791+00:00
87,GN,1464,1773,72,1516,1302,2026-09-25T16:52:43.095791+00:00
88,ME,1461,1720,61,1595,1440,2026-09-25T16:52:43.095791+00:00
89,BG,1458,1912,41,1632,1312,2026-09-25T16:52:43.095791+00:00
90,VN,1456,1513,120,1297,1093,2026-09-25T16:52:43.095791+00:00
91,LU,1450,1520,108,1257,979,2026-09-25T16:52:43.095791+00:00
92,NS,1442,1486,87,1450,1426,2026-09-25T16:52:43.095791+00:00
93,QA,1441,1771,93,1416,963,2026-09-25T16:52:43.095791+00:00
94,SR,1431,1592,84,1404,1160,2026-09-25T16:52:43.095791+00:00
95,KZ,1428,1622,100,1420,1306,2026-09-25T16:52:43.095791+00:00
96,CN,1425,1751,49,1579,1376,2026-09-25T16:52:43.095791+00:00
97,KD,1424,1424,100,1424,1403,2026-09-25T16:52:43.095791+00:00
98,GM,1419,1454,118,1309,1189,2026-09-25T16:52:43.095791+00:00
99,LY,1408,1617,82,1469,1321,2026-09-25T16:52:43.095791+00:00
100,UG,1407,1625,74,1483,1306,2026-09-25T16:52:43.095791+00:00
101,BJ,1406,1540,109,1356,1130,2026-09-25T16:52:43.095791+00:00
102,GA,1402,1593,95,1413,1268,2026-09-25T16:52:43.095791+00:00
103,ZW,1390,1574,78,1462,1279,2026-09-25T16:52:43.095791+00:00
104,FO,1386,1386,122,1253,1154,2026-09-25T16:52:43.095791+00:00
105,BH,1384,1634,109,1349,1074,2026-09-25T16:52:43.095791+00:00
106,NE,1382,1409,133,1239,1082,2026-09-25T16:52:43.095791+00:00
107,MG,1380,1508,104,1366,1162,2026-09-25T16:52:43.095791+00:00
108,TG,1379,1603,90,1439,1263,2026-09-25T16:52:43.095791+00:00
109,KP,1375,1803,63,1566,1315,2026-09-25T16:52:43.095791+00:00
109,GQ,1375,1604,150,1160,1008,2026-09-25T16:52:43.095791+00:00
111,TT,1373,1662,61,1505,1313,2026-09-25T16:52:43.095791+00:00
111,AM,1373,1589,102,1418,1243,2026-09-25T16:52:43.095791+00:00
113,ZM,1371,1710,60,1551,1344,2026-09-25T16:52:43.095791+00:00
114,TH,1367,1546,112,1317,1123,2026-09-25T16:52:43.095791+00:00
114,KM,1367,1434,185,944,830,2026-09-25T16:52:43.095791+00:00
116,SD,1366,1708,90,1444,1227,2026-09-25T16:52:43.095791+00:00
117,KE,1363,1565,90,1379,1240,2026-09-25T16:52:43.095791+00:00
118,EE,1360,1541,94,1351,1085,2026-09-25T16:52:43.095791+00:00
119,MZ,1358,1495,116,1333,1211,2026-09-25T16:52:43.095791+00:00
120,MR,1351,1424,155,1116,911,2026-09-25T16:52:43.095791+00:00
121,RE,1345,1395,125,1185,1047,2026-09-25T16:52:43.095791+00:00
122,SV,1342,1607,72,1470,1321,2026-09-25T16:52:43.095791+00:00
123,GP,1338,1530,91,1408,1179,2026-09-25T16:52:43.095791+00:00
124,RW,1337,1462,144,1207,1034,2026-09-25T16:52:43.095791+00:00
125,ID,1335,1579,101,1360,1099,2026-09-25T16:52:43.095791+00:00
126,AZ,1328,1550,108,1396,1257,2026-09-25T16:52:43.095791+00:00
127,SL,1324,1552,104,1368,1185,2026-09-25T16:52:43.095791+00:00
128,ZN,1321,1367,145,1120,936,2026-09-25T16:52:43.095791+00:00
129,NA,1318,1428,136,1273,1118,2026-09-25T16:52:43.095791+00:00
130,NI,1316,1373,146,1032,900,2026-09-25T16:52:43.095791+00:00
131,KW,1314,1733,84,1467,1175,2026-09-25T16:52:43.095791+00:00
131,CY,1314,1575,101,1380,1250,2026-09-25T16:52:43.095791+00:00
133,MQ,1312,1565,80,1458,1312,2026-09-25T16:52:43.095791+00:00
134,LR,1304,1518,112,1342,1218,2026-09-25T16:52:43.095791+00:00
134,GY,1304,1525,104,1295,1044,2026-09-25T16:52:43.095791+00:00
136,DO,1300,1300,167,1061,930,2026-09-25T16:52:43.095791+00:00
137,KG,1295,1332,155,1204,1094,2026-09-25T16:52:43.095791+00:00
138,GW,1291,1415,126,1281,1177,2026-09-25T16:52:43.095791+00:00
139,LT,1289,1662,92,1317,1049,2026-09-25T16:52:43.095791+00:00
140,LB,1288,1472,109,1328,1166,2026-09-25T16:52:43.095791+00:00
140,LV,1288,1575,88,1394,1217,2026-09-25T16:52:43.095791+00:00
142,BI,1286,1465,125,1286,1163,2026-09-25T16:52:43.095791+00:00
143,BW,1279,1438,150,1168,997,2026-09-25T16:52:43.095791+00:00
144,TJ,1278,1503,123,1333,1195,2026-09-25T16:52:43.095791+00:00
145,ET,1271,1639,99,1394,1238,2026-09-25T16:52:43.095791+00:00
145,MT,1271,1435,119,1322,1155,2026-09-25T16:52:43.095791+00:00
147,MD,1270,1556,110,1390,1169,2026-09-25T16:52:43.095791+00:00
147,TZ,1270,1514,117,1297,1130,2026-09-25T16:52:43.095791+00:00
149,MY,1264,1547,123,1286,1054,2026-09-25T16:52:43.095791+00:00
150,NC,1255,1532,103,1357,1090,2026-09-25T16:52:43.095791+00:00
151,CU,1239,1683,84,1438,1115,2026-09-25T16:52:43.095791+00:00
151,MW,1239,1592,115,1328,1092,2026-09-25T16:52:43.095791+00:00
153,GF,1223,1396,125,1247,1109,2026-09-25T16:52:43.095791+00:00
154,YT,1216,1233,157,1202,1124,2026-09-25T16:52:43.095791+00:00
155,CF,1214,1417,124,1295,1177,2026-09-25T16:52:43.095791+00:00
156,TM,1209,1545,117,1356,1205,2026-09-25T16:52:43.095791+00:00
157,ER,1202,1246,163,1159,1057,2026-09-25T16:52:43.095791+00:00
158,YE,1199,1367,144,1212,1078,2026-09-25T16:52:43.095791+00:00
159,LS,1198,1325,151,1181,1103,2026-09-25T16:52:43.095791+00:00
160,CG,1192,1690,83,1469,1192,2026-09-25T16:52:43.095791+00:00
161,TI,1177,1592,103,1386,1137,2026-09-25T16:52:43.095791+00:00
162,SG,1172,1415,134,1229,1041,2026-09-25T16:52:43.095791+00:00
163,SW,1149,1347,153,1168,1062,2026-09-25T16:52:43.095791+00:00
164,VC,1141,1501,110,1322,1030,2026-09-25T16:52:43.095791+00:00
165,PG,1139,1223,165,1092,1017,2026-09-25T16:52:43.095791+00:00
166,IN,1128,1643,112,1329,1030,2026-09-25T16:52:43.095791+00:00
167,PR,1124,1167,169,937,829,2026-09-25T16:52:43.095791+00:00
168,VU,1122,1263,156,1104,960,2026-09-25T16:52:43.095791+00:00
169,BM,1117,1432,128,1283,1083,2026-09-25T16:52:43.095791+00:00
170,PH,1112,1355,135,1069,679,2026-09-25T16:52:43.095791+00:00
171,SB,1110,1379,147,1182,1041,2026-09-25T16:52:43.095791+00:00
172,SS,1109,1155,178,1088,1018,2026-09-25T16:52:43.095791+00:00
173,HK,1100,1527,123,1287,1057,2026-09-25T16:52:43.095791+00:00
174,GD,1098,1548,102,1369,1060,2026-09-25T16:52:43.095791+00:00
175,MU,1073,1634,108,1334,930,2026-09-25T16:52:43.095791+00:00
175,TD,1073,1318,136,1243,1073,2026-09-25T16:52:43.095791+00:00
175,BZ,1073,1201,140,1114,1034,2026-09-25T16:52:43.095791+00:00
178,FJ,1071,1467,129,1246,1071,2026-09-25T16:52:43.095791+00:00
179,AD,1064,1130,182,1050,952,2026-09-25T16:52:43.095791+00:00
180,MF,1053,1120,187,983,755,2026-09-25T16:52:43.095791+00:00
181,MM,1043,1676,124,1243,896,2026-09-25T16:52:43.095791+00:00
182,ST,1037,1116,174,1056,985,2026-09-25T16:52:43.095791+00:00
183,KN,1030,1388,138,1174,1002,2026-09-25T16:52:43.095791+00:00
184,GI,1009,1151,178,1081,1002,2026-09-25T16:52:43.095791+00:00
185,JS,1005,1005,188,1004,995,2026-09-25T16:52:43.095791+00:00
186,LC,1003,1353,126,1240,978,2026-09-25T16:52:43.095791+00:00
187,AW,1000,1443,126,1198,880,2026-09-25T16:52:43.095791+00:00
188,EH,996,996,189,996,996,2026-09-25T16:52:43.095791+00:00
189,MS,985,1022,191,643,525,2026-09-25T16:52:43.095791+00:00
190,SO,978,1218,166,1070,834,2026-09-25T16:52:43.095791+00:00
191,SX,974,976,187,908,757,2026-09-25T16:52:43.095791+00:00
192,AF,961,1165,167,919,778,2026-09-25T16:52:43.095791+00:00
193,GL,945,1035,185,974,945,2026-09-25T16:52:43.095791+00:00
194,DJ,941,942,178,872,748,2026-09-25T16:52:43.095791+00:00
195,BD,932,1110,181,977,796,2026-09-25T16:52:43.095791+00:00
196,DM,925,1330,132,1195,925,2026-09-25T16:52:43.095791+00:00
197,PK,911,1456,154,1101,789,2026-09-25T16:52:43.095791+00:00
198,MC,903,909,199,900,890,2026-09-25T16:52:43.095791+00:00
199,BB,898,1405,122,1242,898,2026-09-25T16:52:43.095791+00:00
200,NP,893,1008,191,882,729,2026-09-25T16:52:43.095791+00:00
201,LI,885,1241,167,1112,885,2026-09-25T16:52:43.095791+00:00
202,AG,874,1319,145,1177,874,2026-09-25T16:52:43.095791+00:00
203,KH,871,1391,158,1057,676,2026-09-25T16:52:43.095791+00:00
204,SC,853,1123,182,986,842,2026-09-25T16:52:43.095791+00:00
205,LK,836,1044,161,932,647,2026-09-25T16:52:43.095791+00:00
206,SM,825,1015,195,916,770,2026-09-25T16:52:43.095791+00:00
207,TW,821,1771,145,1168,760,2026-09-25T16:52:43.095791+00:00
208,BQ,817,1130,151,1036,817,2026-09-25T16:52:43.095791+00:00
209,KY,812,1140,183,999,795,2026-09-25T16:52:43.095791+00:00
210,MV,799,1174,191,884,711,2026-09-25T16:52:43.095791+00:00
211,HG,782,805,211,783,773,2026-09-25T16:52:43.095791+00:00
212,TV,756,819,204,745,719,2026-09-25T16:52:43.095791+00:00
213,VG,743,932,207,788,590,2026-09-25T16:52:43.095791+00:00
214,EU,737,757,213,753,711,2026-09-25T16:52:43.095791+00:00
215,LA,730,1015,186,894,646,2026-09-25T16:52:43.095791+00:00
216,WS,728,744,211,659,601,2026-09-25T16:52:43.095791+00:00
217,MN,726,897,190,843,650,2026-09-25T16:52:43.095791+00:00
218,BL,725,730,217,706,694,2026-09-25T16:52:43.095791+00:00
219,GU,705,894,207,694,531,2026-09-25T16:52:43.095791+00:00
220,TL,703,741,226,630,530,2026-09-25T16:52:43.095791+00:00
221,WF,699,734,201,699,674,2026-09-25T16:52:43.095791+00:00
222,VA,692,705,218,697,686,2026-09-25T16:52:43.095791+00:00
223,AB,691,701,223,675,671,2026-09-25T16:52:43.095791+00:00
224,PM,677,698,223,678,677,2026-09-25T16:52:43.095791+00:00
225,BS,674,940,190,871,674,2026-09-25T16:52:43.095791+00:00
226,AI,644,672,224,557,497,2026-09-25T16:52:43.095791+00:00
226,TC,644,830,211,764,631,2026-09-25T16:52:43.095791+00:00
228,TE,628,690,209,664,628,2026-09-25T16:52:43.095791+00:00
229,VI,627,747,219,684,586,2026-09-25T16:52:43.095791+00:00
230,CK,622,738,206,681,622,2026-09-25T16:52:43.095791+00:00
230,BT,622,693,219,598,526,2026-09-25T16:52:43.095791+00:00
232,MO,588,1098,175,945,588,2026-09-25T16:52:43.095791+00:00
233,CX,578,614,228,577,513,2026-09-25T16:52:43.095791+00:00
234,FK,571,593,229,585,571,2026-09-25T16:52:43.095791+00:00
235,FM,564,618,231,572,564,2026-09-25T16:52:43.095791+00:00
236,MH,559,571,237,559,559,2026-09-25T16:52:43.095791+00:00
237,BN,553,949,202,775,553,2026-09-25T16:52:43.095791+00:00
238,KI,544,599,219,578,544,2026-09-25T16:52:43.095791+00:00
239,TO,520,727,214,650,480,2026-09-25T16:52:43.095791+00:00
240,NU,496,500,225,496,496,2026-09-25T16:52:43.095791+00:00
241,MP,432,682,233,511,396,2026-09-25T16:52:43.095791+00:00
242,CC,422,487,235,423,386,2026-09-25T16:52:43.095791+00:00
243,PW,402,442,237,402,402,2026-09-25T16:52:43.095791+00:00
244,AS,370,628,226,467,335,2026-09-25T16:52:43.095791+00:00
