ranking_date,team,country_id,fifa_rank,previous_rank,fifa_points,decimal_points,ranking_movement,confederation,matches_played,collected_at
2026-06-11T10:00:00+00:00,Argentina,ARG,1,3,1877,1877.27,2,CONMEBOL,49,2026-07-07T14:44:56.391490+00:00
2026-06-11T10:00:00+00:00,Spain,ESP,2,2,1875,1874.71,0,UEFA,48,2026-07-07T14:44:56.391490+00:00
2026-06-11T10:00:00+00:00,France,FRA,3,1,1871,1870.7,-2,UEFA,49,2026-07-07T14:44:56.391490+00:00
2026-06-11T10:00:00+00:00,England,ENG,4,4,1828,1828.02,0,UEFA,50,2026-07-07T14:44:56.391490+00:00
2026-06-11T10:00:00+00:00,Portugal,POR,5,5,1768,1767.85,0,UEFA,48,2026-07-07T14:44:56.391490+00:00
2026-06-11T10:00:00+00:00,Brazil,BRA,6,6,1766,1765.86,0,CONMEBOL,44,2026-07-07T14:44:56.391490+00:00
2026-06-11T10:00:00+00:00,Morocco,MAR,7,8,1755,1755.1,1,CAF,69,2026-07-07T14:44:56.391490+00:00
2026-06-11T10:00:00+00:00,Netherlands,NED,8,7,1754,1753.57,-1,UEFA,49,2026-07-07T14:44:56.391490+00:00
2026-06-11T10:00:00+00:00,Belgium,BEL,9,9,1742,1742.24,0,UEFA,46,2026-07-07T14:44:56.391490+00:00
2026-06-11T10:00:00+00:00,Germany,GER,10,10,1736,1735.77,0,UEFA,47,2026-07-07T14:44:56.391490+00:00
2026-06-11T10:00:00+00:00,Croatia,CRO,11,11,1715,1714.87,0,UEFA,48,2026-07-07T14:44:56.391490+00:00
2026-06-11T10:00:00+00:00,Italy,ITA,12,12,1705,1704.73,0,UEFA,44,2026-07-07T14:44:56.391490+00:00
2026-06-11T10:00:00+00:00,Colombia,COL,13,13,1698,1698.35,0,CONMEBOL,46,2026-07-07T14:44:56.391490+00:00
2026-06-11T10:00:00+00:00,Mexico,MEX,14,15,1687,1687.48,1,CONCACAF,66,2026-07-07T14:44:56.391490+00:00
2026-06-11T10:00:00+00:00,Senegal,SEN,15,14,1684,1684.07,-1,CAF,71,2026-07-07T14:44:56.391490+00:00
2026-06-11T10:00:00+00:00,Uruguay,URU,16,17,1673,1673.07,1,CONMEBOL,41,2026-07-07T14:44:56.391490+00:00
2026-06-11T10:00:00+00:00,USA,USA,17,16,1671,1671.23,-1,CONCACAF,61,2026-07-07T14:44:56.391490+00:00
2026-06-11T10:00:00+00:00,Japan,JPN,18,18,1662,1661.58,0,AFC,53,2026-07-07T14:44:56.391490+00:00
2026-06-11T10:00:00+00:00,Switzerland,SUI,19,19,1650,1650.06,0,UEFA,47,2026-07-07T14:44:56.391490+00:00
2026-06-11T10:00:00+00:00,IR Iran,IRN,20,21,1620,1619.58,1,AFC,48,2026-07-07T14:44:56.391490+00:00
2026-06-11T10:00:00+00:00,Denmark,DEN,21,20,1619,1619.47,-1,UEFA,43,2026-07-07T14:44:56.391490+00:00
2026-06-11T10:00:00+00:00,Türkiye,TUR,22,22,1606,1605.73,0,UEFA,45,2026-07-07T14:44:56.391490+00:00
2026-06-11T10:00:00+00:00,Ecuador,ECU,23,23,1599,1598.52,0,CONMEBOL,46,2026-07-07T14:44:56.391490+00:00
2026-06-11T10:00:00+00:00,Austria,AUT,24,24,1597,1597.4,0,UEFA,42,2026-07-07T14:44:56.391490+00:00
2026-06-11T10:00:00+00:00,Korea Republic,KOR,25,25,1592,1591.63,0,AFC,55,2026-07-07T14:44:56.391490+00:00
2026-06-11T10:00:00+00:00,Nigeria,NGA,26,26,1585,1585.02,0,CAF,61,2026-07-07T14:44:56.391490+00:00
2026-06-11T10:00:00+00:00,Australia,AUS,27,27,1579,1579.34,0,AFC,45,2026-07-07T14:44:56.391490+00:00
2026-06-11T10:00:00+00:00,Algeria,ALG,28,28,1571,1571.03,0,CAF,64,2026-07-07T14:44:56.391490+00:00
2026-06-11T10:00:00+00:00,Egypt,EGY,29,29,1562,1562.37,0,CAF,53,2026-07-07T14:44:56.391490+00:00
2026-06-11T10:00:00+00:00,Canada,CAN,30,30,1559,1559.48,0,CONCACAF,50,2026-07-07T14:44:56.391490+00:00
2026-06-11T10:00:00+00:00,Norway,NOR,31,31,1557,1557.44,0,UEFA,39,2026-07-07T14:44:56.391490+00:00
2026-06-11T10:00:00+00:00,Ukraine,UKR,32,32,1549,1549.29,0,UEFA,40,2026-07-07T14:44:56.391490+00:00
2026-06-11T10:00:00+00:00,Côte d'Ivoire,CIV,33,34,1541,1540.87,1,CAF,56,2026-07-07T14:44:56.391490+00:00
2026-06-11T10:00:00+00:00,Panama,PAN,34,33,1539,1539.16,-1,CONCACAF,52,2026-07-07T14:44:56.391490+00:00
2026-06-11T10:00:00+00:00,Russia,RUS,35,36,1530,1529.6,1,UEFA,27,2026-07-07T14:44:56.391490+00:00
2026-06-11T10:00:00+00:00,Poland,POL,36,35,1526,1526.18,-1,UEFA,46,2026-07-07T14:44:56.391490+00:00
2026-06-11T10:00:00+00:00,Wales,WAL,37,37,1517,1516.95,0,UEFA,41,2026-07-07T14:44:56.391490+00:00
2026-06-11T10:00:00+00:00,Sweden,SWE,38,38,1510,1509.79,0,UEFA,42,2026-07-07T14:44:56.391490+00:00
2026-06-11T10:00:00+00:00,Hungary,HUN,39,42,1506,1506.39,3,UEFA,43,2026-07-07T14:44:56.391490+00:00
2026-06-11T10:00:00+00:00,Czechia,CZE,40,41,1506,1505.74,1,UEFA,42,2026-07-07T14:44:56.391490+00:00
2026-06-11T10:00:00+00:00,Paraguay,PAR,41,40,1505,1505.35,-1,CONMEBOL,38,2026-07-07T14:44:56.391490+00:00
2026-06-11T10:00:00+00:00,Scotland,SCO,42,43,1503,1503.34,1,UEFA,43,2026-07-07T14:44:56.391490+00:00
2026-06-11T10:00:00+00:00,Serbia,SRB,43,39,1502,1502.13,-4,UEFA,45,2026-07-07T14:44:56.391490+00:00
2026-06-11T10:00:00+00:00,Cameroon,CMR,44,45,1481,1481.24,1,CAF,49,2026-07-07T14:44:56.391490+00:00
2026-06-11T10:00:00+00:00,Tunisia,TUN,45,44,1476,1476.41,-1,CAF,50,2026-07-07T14:44:56.391490+00:00
2026-06-11T10:00:00+00:00,Congo DR,COD,46,46,1474,1474.43,0,CAF,54,2026-07-07T14:44:56.391490+00:00
2026-06-11T10:00:00+00:00,Slovakia,SVK,47,48,1474,1473.66,1,UEFA,43,2026-07-07T14:44:56.391490+00:00
2026-06-11T10:00:00+00:00,Greece,GRE,48,47,1473,1473.19,-1,UEFA,39,2026-07-07T14:44:56.391490+00:00
2026-06-11T10:00:00+00:00,Venezuela,VEN,49,49,1469,1469.18,0,CONMEBOL,41,2026-07-07T14:44:56.391490+00:00
2026-06-11T10:00:00+00:00,Uzbekistan,UZB,50,50,1459,1458.73,0,AFC,46,2026-07-07T14:44:56.391490+00:00
2026-06-11T10:00:00+00:00,Chile,CHI,51,54,1458,1458.2,3,CONMEBOL,41,2026-07-07T14:44:56.391490+00:00
2026-06-11T10:00:00+00:00,Peru,PER,52,53,1458,1457.69,1,CONMEBOL,41,2026-07-07T14:44:56.391490+00:00
2026-06-11T10:00:00+00:00,Costa Rica,CRC,53,51,1456,1456.03,-2,CONCACAF,49,2026-07-07T14:44:56.391490+00:00
2026-06-11T10:00:00+00:00,Romania,ROU,54,56,1456,1455.89,2,UEFA,44,2026-07-07T14:44:56.391490+00:00
2026-06-11T10:00:00+00:00,Mali,MLI,55,52,1456,1455.59,-3,CAF,49,2026-07-07T14:44:56.391490+00:00
2026-06-11T10:00:00+00:00,Qatar,QAT,56,55,1450,1450.31,-1,AFC,59,2026-07-07T14:44:56.391490+00:00
2026-06-11T10:00:00+00:00,Iraq,IRQ,57,57,1446,1446.28,0,AFC,53,2026-07-07T14:44:56.391490+00:00
2026-06-11T10:00:00+00:00,Republic of Ireland,IRL,58,59,1441,1441.1,1,UEFA,41,2026-07-07T14:44:56.391490+00:00
2026-06-11T10:00:00+00:00,Slovenia,SVN,59,58,1441,1441.09,-1,UEFA,43,2026-07-07T14:44:56.391490+00:00
2026-06-11T10:00:00+00:00,South Africa,RSA,60,60,1428,1428.38,0,CAF,67,2026-07-07T14:44:56.391490+00:00
2026-06-11T10:00:00+00:00,Saudi Arabia,KSA,61,61,1424,1423.88,0,AFC,63,2026-07-07T14:44:56.391490+00:00
2026-06-11T10:00:00+00:00,Burkina Faso,BFA,62,62,1407,1406.99,0,CAF,51,2026-07-07T14:44:56.391490+00:00
2026-06-11T10:00:00+00:00,Jordan,JOR,63,63,1388,1387.74,0,AFC,50,2026-07-07T14:44:56.391490+00:00
2026-06-11T10:00:00+00:00,Bosnia and Herzegovina,BIH,64,65,1387,1387.22,1,UEFA,37,2026-07-07T14:44:56.391490+00:00
2026-06-11T10:00:00+00:00,Honduras,HON,65,66,1379,1378.97,1,CONCACAF,47,2026-07-07T14:44:56.391490+00:00
2026-06-11T10:00:00+00:00,Albania,ALB,66,64,1376,1376.03,-2,UEFA,42,2026-07-07T14:44:56.391490+00:00
2026-06-11T10:00:00+00:00,Cabo Verde,CPV,67,69,1371,1371.11,2,CAF,43,2026-07-07T14:44:56.391490+00:00
2026-06-11T10:00:00+00:00,United Arab Emirates,UAE,68,68,1370,1370.47,0,AFC,48,2026-07-07T14:44:56.391490+00:00
2026-06-11T10:00:00+00:00,North Macedonia,MKD,69,67,1369,1369.16,-2,UEFA,39,2026-07-07T14:44:56.391490+00:00
2026-06-11T10:00:00+00:00,Northern Ireland,NIR,70,70,1365,1365.3,0,UEFA,37,2026-07-07T14:44:56.391490+00:00
2026-06-11T10:00:00+00:00,Jamaica,JAM,71,71,1358,1357.84,0,CONCACAF,53,2026-07-07T14:44:56.391490+00:00
2026-06-11T10:00:00+00:00,Georgia,GEO,72,72,1355,1355.26,0,UEFA,41,2026-07-07T14:44:56.391490+00:00
2026-06-11T10:00:00+00:00,Ghana,GHA,73,74,1347,1346.88,1,CAF,53,2026-07-07T14:44:56.391490+00:00
2026-06-11T10:00:00+00:00,Iceland,ISL,74,75,1343,1342.77,1,UEFA,46,2026-07-07T14:44:56.391490+00:00
2026-06-11T10:00:00+00:00,Finland,FIN,75,73,1342,1341.92,-2,UEFA,42,2026-07-07T14:44:56.391490+00:00
2026-06-11T10:00:00+00:00,Israel,ISR,76,77,1334,1333.9,1,UEFA,36,2026-07-07T14:44:56.391490+00:00
2026-06-11T10:00:00+00:00,Bolivia,BOL,77,76,1326,1326.0,-1,CONMEBOL,42,2026-07-07T14:44:56.391490+00:00
2026-06-11T10:00:00+00:00,Kosovo,KOS,78,78,1319,1319.12,0,UEFA,38,2026-07-07T14:44:56.391490+00:00
2026-06-11T10:00:00+00:00,Oman,OMA,79,79,1307,1306.9,0,AFC,56,2026-07-07T14:44:56.391490+00:00
2026-06-11T10:00:00+00:00,Montenegro,MNE,80,81,1302,1301.98,1,UEFA,40,2026-07-07T14:44:56.391490+00:00
2026-06-11T10:00:00+00:00,Guinea,GUI,81,80,1296,1295.6,-1,CAF,46,2026-07-07T14:44:56.391490+00:00
2026-06-11T10:00:00+00:00,Curaçao,CUW,82,82,1295,1294.77,0,CONCACAF,31,2026-07-07T14:44:56.391490+00:00
2026-06-11T10:00:00+00:00,Haiti,HAI,83,83,1293,1293.1,0,CONCACAF,33,2026-07-07T14:44:56.391490+00:00
2026-06-11T10:00:00+00:00,Syria,SYR,84,84,1283,1283.05,0,AFC,39,2026-07-07T14:44:56.391490+00:00
2026-06-11T10:00:00+00:00,New Zealand,NZL,85,85,1276,1275.58,0,OFC,36,2026-07-07T14:44:56.391490+00:00
2026-06-11T10:00:00+00:00,Gabon,GAB,86,87,1273,1272.51,1,CAF,34,2026-07-07T14:44:56.391490+00:00
2026-06-11T10:00:00+00:00,Bulgaria,BUL,87,86,1272,1271.68,-1,UEFA,39,2026-07-07T14:44:56.391490+00:00
2026-06-11T10:00:00+00:00,Angola,ANG,88,89,1266,1265.58,1,CAF,63,2026-07-07T14:44:56.391490+00:00
2026-06-11T10:00:00+00:00,Uganda,UGA,89,88,1264,1264.09,-1,CAF,46,2026-07-07T14:44:56.391490+00:00
2026-06-11T10:00:00+00:00,Zambia,ZAM,90,92,1256,1255.82,2,CAF,53,2026-07-07T14:44:56.391490+00:00
2026-06-11T10:00:00+00:00,China PR,CHN,91,94,1255,1254.81,3,AFC,39,2026-07-07T14:44:56.391490+00:00
2026-06-11T10:00:00+00:00,Bahrain,BHR,92,91,1254,1254.41,-1,AFC,50,2026-07-07T14:44:56.391490+00:00
2026-06-11T10:00:00+00:00,Benin,BEN,93,90,1252,1252.17,-3,CAF,40,2026-07-07T14:44:56.391490+00:00
2026-06-11T10:00:00+00:00,Thailand,THA,94,93,1251,1250.8,-1,AFC,59,2026-07-07T14:44:56.391490+00:00
2026-06-11T10:00:00+00:00,Palestine,PLE,95,95,1244,1243.71,0,AFC,35,2026-07-07T14:44:56.391490+00:00
2026-06-11T10:00:00+00:00,Belarus,BLR,96,97,1243,1242.88,1,UEFA,39,2026-07-07T14:44:56.391490+00:00
2026-06-11T10:00:00+00:00,Guatemala,GUA,97,96,1239,1238.74,-1,CONCACAF,48,2026-07-07T14:44:56.391490+00:00
2026-06-11T10:00:00+00:00,Luxembourg,LUX,98,98,1233,1232.82,0,UEFA,40,2026-07-07T14:44:56.391490+00:00
2026-06-11T10:00:00+00:00,Vietnam,VIE,99,99,1226,1225.68,0,AFC,44,2026-07-07T14:44:56.391490+00:00
2026-06-11T10:00:00+00:00,El Salvador,SLV,100,100,1225,1225.34,0,CONCACAF,37,2026-07-07T14:44:56.391490+00:00
2026-06-11T10:00:00+00:00,Tajikistan,TJK,101,103,1224,1224.19,2,AFC,42,2026-07-07T14:44:56.391490+00:00
2026-06-11T10:00:00+00:00,Trinidad and Tobago,TRI,102,102,1220,1219.59,0,CONCACAF,43,2026-07-07T14:44:56.391490+00:00
2026-06-11T10:00:00+00:00,Mozambique,MOZ,103,101,1219,1218.62,-2,CAF,53,2026-07-07T14:44:56.391490+00:00
2026-06-11T10:00:00+00:00,Madagascar,MAD,104,104,1203,1202.69,0,CAF,53,2026-07-07T14:44:56.391490+00:00
2026-06-11T10:00:00+00:00,Equatorial Guinea,EQG,105,105,1195,1195.2,0,CAF,43,2026-07-07T14:44:56.391490+00:00
2026-06-11T10:00:00+00:00,Kyrgyz Republic,KGZ,106,107,1192,1192.16,1,AFC,35,2026-07-07T14:44:56.391490+00:00
2026-06-11T10:00:00+00:00,Armenia,ARM,107,106,1190,1189.63,-1,UEFA,39,2026-07-07T14:44:56.391490+00:00
2026-06-11T10:00:00+00:00,Comoros,COM,108,109,1188,1187.91,1,CAF,54,2026-07-07T14:44:56.391490+00:00
2026-06-11T10:00:00+00:00,Kenya,KEN,109,111,1185,1185.08,2,CAF,42,2026-07-07T14:44:56.391490+00:00
2026-06-11T10:00:00+00:00,Libya,LBY,110,112,1182,1182.08,2,CAF,36,2026-07-07T14:44:56.391490+00:00
2026-06-11T10:00:00+00:00,Kazakhstan,KAZ,111,110,1181,1180.78,-1,UEFA,40,2026-07-07T14:44:56.391490+00:00
2026-06-11T10:00:00+00:00,Tanzania,TAN,112,113,1180,1180.27,1,CAF,46,2026-07-07T14:44:56.391490+00:00
2026-06-11T10:00:00+00:00,Mauritania,MTN,113,115,1177,1176.68,2,CAF,50,2026-07-07T14:44:56.391490+00:00
2026-06-11T10:00:00+00:00,Niger,NIG,114,114,1175,1175.33,0,CAF,46,2026-07-07T14:44:56.391490+00:00
2026-06-11T10:00:00+00:00,Lebanon,LBN,115,108,1172,1172.22,-7,AFC,36,2026-07-07T14:44:56.391490+00:00
2026-06-11T10:00:00+00:00,The Gambia,GAM,116,116,1160,1159.64,0,CAF,35,2026-07-07T14:44:56.391490+00:00
2026-06-11T10:00:00+00:00,Sudan,SDN,117,117,1157,1157.22,0,CAF,47,2026-07-07T14:44:56.391490+00:00
2026-06-11T10:00:00+00:00,Indonesia,IDN,118,122,1157,1157.14,4,AFC,50,2026-07-07T14:44:56.391490+00:00
2026-06-11T10:00:00+00:00,Togo,TOG,119,121,1153,1152.76,2,CAF,34,2026-07-07T14:44:56.391490+00:00
2026-06-11T10:00:00+00:00,DPR Korea,PRK,120,118,1151,1151.05,-2,AFC,17,2026-07-07T14:44:56.391490+00:00
2026-06-11T10:00:00+00:00,Namibia,NAM,121,120,1149,1148.84,-1,CAF,40,2026-07-07T14:44:56.391490+00:00
2026-06-11T10:00:00+00:00,Sierra Leone,SLE,122,119,1148,1147.56,-3,CAF,34,2026-07-07T14:44:56.391490+00:00
2026-06-11T10:00:00+00:00,Faroe Islands,FRO,123,123,1137,1136.59,0,UEFA,39,2026-07-07T14:44:56.391490+00:00
2026-06-11T10:00:00+00:00,Cyprus,CYP,124,126,1133,1133.25,2,UEFA,39,2026-07-07T14:44:56.391490+00:00
2026-06-11T10:00:00+00:00,Suriname,SUR,125,125,1132,1132.43,0,CONCACAF,27,2026-07-07T14:44:56.391490+00:00
2026-06-11T10:00:00+00:00,Azerbaijan,AZE,126,124,1132,1132.0,-2,UEFA,38,2026-07-07T14:44:56.391490+00:00
2026-06-11T10:00:00+00:00,Estonia,EST,127,129,1131,1130.64,2,UEFA,43,2026-07-07T14:44:56.391490+00:00
2026-06-11T10:00:00+00:00,Rwanda,RWA,128,128,1127,1126.62,0,CAF,32,2026-07-07T14:44:56.391490+00:00
2026-06-11T10:00:00+00:00,Malawi,MWI,129,127,1122,1122.05,-2,CAF,41,2026-07-07T14:44:56.391490+00:00
2026-06-11T10:00:00+00:00,Zimbabwe,ZIM,130,130,1120,1119.78,0,CAF,32,2026-07-07T14:44:56.391490+00:00
2026-06-11T10:00:00+00:00,Nicaragua,NCA,131,131,1115,1114.63,0,CONCACAF,35,2026-07-07T14:44:56.391490+00:00
2026-06-11T10:00:00+00:00,Guinea-Bissau,GNB,132,132,1108,1108.38,0,CAF,40,2026-07-07T14:44:56.391490+00:00
2026-06-11T10:00:00+00:00,Kuwait,KUW,133,134,1106,1106.47,1,AFC,50,2026-07-07T14:44:56.391490+00:00
2026-06-11T10:00:00+00:00,Congo,CGO,134,133,1106,1105.96,-1,CAF,29,2026-07-07T14:44:56.391490+00:00
2026-06-11T10:00:00+00:00,Philippines,PHI,135,135,1101,1100.95,0,AFC,40,2026-07-07T14:44:56.391490+00:00
2026-06-11T10:00:00+00:00,Malaysia,MAS,136,138,1086,1086.22,2,AFC,47,2026-07-07T14:44:56.391490+00:00
2026-06-11T10:00:00+00:00,Latvia,LVA,137,137,1086,1085.66,0,UEFA,39,2026-07-07T14:44:56.391490+00:00
2026-06-11T10:00:00+00:00,India,IND,138,136,1085,1084.93,-2,AFC,45,2026-07-07T14:44:56.391490+00:00
2026-06-11T10:00:00+00:00,Central African Republic,CTA,139,139,1081,1080.82,0,CAF,33,2026-07-07T14:44:56.391490+00:00
2026-06-11T10:00:00+00:00,Liberia,LBR,140,140,1080,1080.44,0,CAF,36,2026-07-07T14:44:56.391490+00:00
2026-06-11T10:00:00+00:00,Turkmenistan,TKM,141,141,1079,1078.65,0,AFC,23,2026-07-07T14:44:56.391490+00:00
2026-06-11T10:00:00+00:00,Burundi,BDI,142,142,1078,1078.01,0,CAF,32,2026-07-07T14:44:56.391490+00:00
2026-06-11T10:00:00+00:00,Ethiopia,ETH,143,144,1078,1077.52,1,CAF,37,2026-07-07T14:44:56.391490+00:00
2026-06-11T10:00:00+00:00,Dominican Republic,DOM,144,143,1076,1076.5,-1,CONCACAF,32,2026-07-07T14:44:56.391490+00:00
2026-06-11T10:00:00+00:00,Yemen,YEM,145,149,1065,1065.24,4,AFC,26,2026-07-07T14:44:56.391490+00:00
2026-06-11T10:00:00+00:00,Lesotho,LES,146,145,1064,1064.29,-1,CAF,43,2026-07-07T14:44:56.391490+00:00
2026-06-11T10:00:00+00:00,Botswana,BOT,147,146,1064,1063.63,-1,CAF,46,2026-07-07T14:44:56.391490+00:00
2026-06-11T10:00:00+00:00,Singapore,SGP,148,147,1058,1057.95,-1,AFC,44,2026-07-07T14:44:56.391490+00:00
2026-06-11T10:00:00+00:00,Lithuania,LTU,149,148,1057,1056.85,-1,UEFA,40,2026-07-07T14:44:56.391490+00:00
2026-06-11T10:00:00+00:00,Guyana,GUY,150,150,1049,1049.32,0,CONCACAF,27,2026-07-07T14:44:56.391490+00:00
2026-06-11T10:00:00+00:00,New Caledonia,NCL,151,151,1037,1036.95,0,OFC,15,2026-07-07T14:44:56.391490+00:00
2026-06-11T10:00:00+00:00,St Kitts and Nevis,SKN,152,152,1036,1036.33,0,CONCACAF,22,2026-07-07T14:44:56.391490+00:00
2026-06-11T10:00:00+00:00,Solomon Islands,SOL,153,153,1032,1031.89,0,OFC,28,2026-07-07T14:44:56.391490+00:00
2026-06-11T10:00:00+00:00,Puerto Rico,PUR,154,156,1024,1024.3,2,CONCACAF,26,2026-07-07T14:44:56.391490+00:00
2026-06-11T10:00:00+00:00,Fiji,FIJ,155,154,1024,1024.17,-1,OFC,28,2026-07-07T14:44:56.391490+00:00
2026-06-11T10:00:00+00:00,"Hong Kong, China",HKG,156,155,1024,1024.16,-1,AFC,50,2026-07-07T14:44:56.391490+00:00
2026-06-11T10:00:00+00:00,Tahiti,TAH,157,157,1019,1019.04,0,OFC,12,2026-07-07T14:44:56.391490+00:00
2026-06-11T10:00:00+00:00,Myanmar,MYA,158,158,1011,1010.91,0,AFC,40,2026-07-07T14:44:56.391490+00:00
2026-06-11T10:00:00+00:00,Moldova,MDA,159,159,1008,1008.24,0,UEFA,39,2026-07-07T14:44:56.391490+00:00
2026-06-11T10:00:00+00:00,Vanuatu,VAN,160,160,1003,1002.53,0,OFC,27,2026-07-07T14:44:56.391490+00:00
2026-06-11T10:00:00+00:00,Malta,MLT,161,161,993,992.79,0,UEFA,38,2026-07-07T14:44:56.391490+00:00
2026-06-11T10:00:00+00:00,Antigua and Barbuda,ATG,162,162,987,986.58,0,CONCACAF,20,2026-07-07T14:44:56.391490+00:00
2026-06-11T10:00:00+00:00,Grenada,GRN,163,163,982,981.82,0,CONCACAF,25,2026-07-07T14:44:56.391490+00:00
2026-06-11T10:00:00+00:00,Cuba,CUB,164,164,981,981.42,0,CONCACAF,26,2026-07-07T14:44:56.391490+00:00
2026-06-11T10:00:00+00:00,Eswatini,SWZ,165,165,979,979.01,0,CAF,43,2026-07-07T14:44:56.391490+00:00
2026-06-11T10:00:00+00:00,St Lucia,LCA,166,167,977,976.71,1,CONCACAF,18,2026-07-07T14:44:56.391490+00:00
2026-06-11T10:00:00+00:00,Bermuda,BER,167,166,975,975.05,-1,CONCACAF,29,2026-07-07T14:44:56.391490+00:00
2026-06-11T10:00:00+00:00,Papua New Guinea,PNG,168,168,975,974.9,0,OFC,22,2026-07-07T14:44:56.391490+00:00
2026-06-11T10:00:00+00:00,South Sudan,SSD,169,170,971,970.94,1,CAF,33,2026-07-07T14:44:56.391490+00:00
2026-06-11T10:00:00+00:00,St Vincent and the Grenadines,VIN,170,171,968,968.27,1,CONCACAF,23,2026-07-07T14:44:56.391490+00:00
2026-06-11T10:00:00+00:00,Afghanistan,AFG,171,169,968,968.07,-2,AFC,30,2026-07-07T14:44:56.391490+00:00
2026-06-11T10:00:00+00:00,Andorra,AND,172,173,946,946.43,1,UEFA,40,2026-07-07T14:44:56.391490+00:00
2026-06-11T10:00:00+00:00,Maldives,MDV,173,172,944,943.92,-1,AFC,26,2026-07-07T14:44:56.391490+00:00
2026-06-11T10:00:00+00:00,Chinese Taipei,TPE,174,174,924,923.78,0,AFC,24,2026-07-07T14:44:56.391490+00:00
2026-06-11T10:00:00+00:00,Cambodia,CAM,175,177,922,922.32,2,AFC,31,2026-07-07T14:44:56.391490+00:00
2026-06-11T10:00:00+00:00,Montserrat,MSR,176,175,917,916.75,-1,CONCACAF,18,2026-07-07T14:44:56.391490+00:00
2026-06-11T10:00:00+00:00,Nepal,NEP,177,176,915,914.54,-1,AFC,33,2026-07-07T14:44:56.391490+00:00
2026-06-11T10:00:00+00:00,Mauritius,MRI,178,178,911,911.49,0,CAF,31,2026-07-07T14:44:56.391490+00:00
2026-06-11T10:00:00+00:00,Barbados,BRB,179,179,910,909.89,0,CONCACAF,24,2026-07-07T14:44:56.391490+00:00
2026-06-11T10:00:00+00:00,Belize,BLZ,180,180,907,907.0,0,CONCACAF,19,2026-07-07T14:44:56.391490+00:00
2026-06-11T10:00:00+00:00,Bangladesh,BAN,181,181,903,902.93,0,AFC,36,2026-07-07T14:44:56.391490+00:00
2026-06-11T10:00:00+00:00,Dominica,DMA,182,182,898,897.69,0,CONCACAF,20,2026-07-07T14:44:56.391490+00:00
2026-06-11T10:00:00+00:00,Chad,CHA,183,183,897,896.85,0,CAF,28,2026-07-07T14:44:56.391490+00:00
2026-06-11T10:00:00+00:00,Eritrea,ERI,184,184,887,887.06,0,CAF,2,2026-07-07T14:44:56.391490+00:00
2026-06-11T10:00:00+00:00,Laos,LAO,185,185,885,885.03,0,AFC,24,2026-07-07T14:44:56.391490+00:00
2026-06-11T10:00:00+00:00,Cook Islands,COK,186,188,878,877.53,2,OFC,8,2026-07-07T14:44:56.391490+00:00
2026-06-11T10:00:00+00:00,Sri Lanka,SRI,187,191,877,876.86,4,AFC,25,2026-07-07T14:44:56.391490+00:00
2026-06-11T10:00:00+00:00,Samoa,SAM,188,190,876,876.41,2,OFC,14,2026-07-07T14:44:56.391490+00:00
2026-06-11T10:00:00+00:00,Aruba,ARU,189,189,876,875.61,0,CONCACAF,20,2026-07-07T14:44:56.391490+00:00
2026-06-11T10:00:00+00:00,Mongolia,MNG,190,187,874,874.47,-3,AFC,18,2026-07-07T14:44:56.391490+00:00
2026-06-11T10:00:00+00:00,American Samoa,ASA,191,192,872,871.61,1,OFC,7,2026-07-07T14:44:56.391490+00:00
2026-06-11T10:00:00+00:00,Bhutan,BHU,192,186,871,870.81,-6,AFC,21,2026-07-07T14:44:56.391490+00:00
2026-06-11T10:00:00+00:00,Macau,MAC,193,194,858,858.03,1,AFC,12,2026-07-07T14:44:56.391490+00:00
2026-06-11T10:00:00+00:00,Brunei Darussalam,BRU,194,193,858,857.73,-1,AFC,28,2026-07-07T14:44:56.391490+00:00
2026-06-11T10:00:00+00:00,São Tomé and Príncipe,STP,195,196,855,855.44,1,CAF,19,2026-07-07T14:44:56.391490+00:00
2026-06-11T10:00:00+00:00,Djibouti,DJI,196,197,854,853.58,1,CAF,25,2026-07-07T14:44:56.391490+00:00
2026-06-11T10:00:00+00:00,Cayman Islands,CAY,197,195,850,850.06,-2,CONCACAF,19,2026-07-07T14:44:56.391490+00:00
2026-06-11T10:00:00+00:00,Pakistan,PAK,198,202,840,840.28,4,AFC,25,2026-07-07T14:44:56.391490+00:00
2026-06-11T10:00:00+00:00,Somalia,SOM,199,198,839,839.17,-1,CAF,19,2026-07-07T14:44:56.391490+00:00
2026-06-11T10:00:00+00:00,Tonga,TGA,200,199,836,835.64,-1,OFC,7,2026-07-07T14:44:56.391490+00:00
2026-06-11T10:00:00+00:00,Timor-Leste,TLS,201,200,831,831.0,-1,AFC,20,2026-07-07T14:44:56.391490+00:00
2026-06-11T10:00:00+00:00,Gibraltar,GIB,202,203,820,820.26,1,UEFA,39,2026-07-07T14:44:56.391490+00:00
2026-06-11T10:00:00+00:00,Guam,GUM,203,201,820,819.54,-2,AFC,8,2026-07-07T14:44:56.391490+00:00
2026-06-11T10:00:00+00:00,Seychelles,SEY,204,204,804,804.16,0,CAF,28,2026-07-07T14:44:56.391490+00:00
2026-06-11T10:00:00+00:00,Turks and Caicos Islands,TCA,205,205,804,803.98,0,CONCACAF,11,2026-07-07T14:44:56.391490+00:00
2026-06-11T10:00:00+00:00,Liechtenstein,LIE,206,206,798,797.7,0,UEFA,38,2026-07-07T14:44:56.391490+00:00
2026-06-11T10:00:00+00:00,Bahamas,BAH,207,207,787,786.82,0,CONCACAF,20,2026-07-07T14:44:56.391490+00:00
2026-06-11T10:00:00+00:00,US Virgin Islands,VIR,208,209,780,779.76,1,CONCACAF,14,2026-07-07T14:44:56.391490+00:00
2026-06-11T10:00:00+00:00,British Virgin Islands,VGB,209,208,777,777.41,-1,CONCACAF,22,2026-07-07T14:44:56.391490+00:00
2026-06-11T10:00:00+00:00,Anguilla,AIA,210,210,760,760.25,0,CONCACAF,16,2026-07-07T14:44:56.391490+00:00
2026-06-11T10:00:00+00:00,San Marino,SMR,211,211,721,721.2,0,UEFA,38,2026-07-07T14:44:56.391490+00:00
