1	1	ES	2281	1	2281	7	1947	19	1806	0	+122	0	+116	0	+102	0	+124	+7	+272	+5	+325	792	342	303	147	471	138	183	1616	703
2	2	AR	2174	1	2200	5	1988	26	1751	0	+26	0	+61	0	+65	0	+24	+1	+95	â1	+74	1120	382	419	319	620	229	271	2140	1144
3	3	EN	2114	1	2213	4	1983	17	1810	+1	+68	+1	+94	+2	+95	+3	+119	+3	+69	+6	+185	1172	510	526	136	692	217	263	2747	1133
4	4	FR	2103	1	2163	16	1797	40	1515	â1	â31	â1	+22	â1	+36	0	+89	+1	+53	+1	+117	950	475	343	132	483	272	195	1732	1285
5	5	PT	2047	2	2060	19	1798	41	1624	+1	+34	0	+63	â1	+6	+2	+72	+2	+32	+5	+123	704	323	264	117	353	190	161	1241	787
6	6	BR	2001	1	2196	4	1999	20	1806	â1	â30	â1	+17	+1	+26	â1	+5	â4	â127	â3	â21	1074	373	348	353	676	173	225	2317	964
7	7	CO	2000	3	2069	48	1622	102	1304	0	â4	0	+25	â1	+19	â4	â60	+6	+76	0	+54	656	185	229	242	270	205	181	853	744
8	8	NL	1970	1	2153	15	1849	54	1552	0	â1	0	+9	0	+10	0	+11	+4	+38	+4	+68	909	431	360	118	468	240	201	1909	1153
9	9	CH	1968	9	1968	27	1690	57	1485	0	+25	+7	+79	+6	+98	+8	+114	+5	+60	+7	+131	905	426	394	85	324	375	206	1354	1495
10	10	BE	1959	1	2157	24	1756	70	1504	+2	+50	+9	+93	+10	+108	+2	+36	â9	â176	+4	+78	886	417	378	91	396	304	186	1622	1367
11	11	MX	1910	4	1985	20	1785	48	1498	â2	â33	+9	+53	+7	+51	+10	+118	+4	+16	+2	+15	1036	302	273	461	539	258	239	1841	1059
12	12	NO	1908	6	1972	38	1625	85	1364	â1	â26	0	â4	+3	+38	+21	+161	+20	+157	+46	+298	896	427	410	59	340	358	198	1395	1458
13	13	MA	1904	11	1923	43	1659	86	1510	+2	+18	+11	+83	+10	+81	+12	+125	+29	+217	+49	+323	738	320	219	199	370	166	202	1122	621
14	14	JP	1895	9	1925	61	1469	114	1126	0	+7	â1	â9	+3	+32	0	+21	+19	+152	+20	+162	843	335	207	301	412	258	173	1531	992
15	15	DE	1894	1	2222	8	1911	25	1637	â2	â13	â4	â29	â1	+17	â6	â62	â4	â43	â13	â133	1054	473	417	164	609	226	219	2372	1240
16	16	HR	1891	4	2015	12	1881	28	1780	0	+10	â6	â39	â6	â40	â3	â20	+2	+40	â1	+51	406	158	169	79	213	87	106	705	416
17	17	IT	1882	1	2135	8	1916	23	1608	+1	+13	+4	+26	â4	â10	â6	â61	â13	â189	â9	â60	905	408	326	171	482	178	245	1585	897
18	18	EC	1857	9	1938	64	1527	121	1183	â1	â14	â9	â76	â9	â76	â3	â13	+8	+66	+1	+47	606	183	214	209	186	257	163	726	911
19	19	UY	1850	1	2104	12	1876	44	1636	+2	+9	â4	â42	â8	â57	â9	â105	â9	â95	â8	â54	1024	336	434	254	447	323	254	1618	1262
20	20	DK	1844	1	2074	20	1800	59	1541	â2	â25	â2	â26	â8	â53	â4	â19	â11	â134	+7	+94	908	416	397	95	421	300	187	1658	1228
21	21	AT	1843	1	2070	20	1809	74	1548	+2	+22	+2	+16	â2	â12	â3	â10	+17	+134	+15	+118	878	437	386	55	374	315	189	1580	1343
22	22	PY	1821	5	1955	23	1756	51	1619	0	â2	0	â11	â1	â22	+20	+111	+1	+23	+9	+82	795	215	366	214	279	305	211	1011	1121
23	23	GR	1805	7	1932	49	1559	91	1273	+11	+61	+9	+53	+3	+6	+1	+25	+20	+123	+27	+169	661	300	298	63	253	250	158	840	912
24	24	SN	1803	17	1879	56	1592	107	1387	0	â13	â7	â76	+1	0	+7	+49	+17	+104	+22	+123	712	221	262	229	321	196	195	981	682
25	25	UA	1798	14	1873	31	1745	66	1561	+2	+18	+4	+31	+6	+25	+4	+31	0	+5	+9	+65	342	134	148	60	155	91	96	479	358
26	26	TR	1794	9	1910	42	1614	76	1368	â6	â58	â12	â108	â4	â41	â6	â18	+13	+87	â9	â23	673	289	302	82	267	252	154	951	972
27	27	AU	1786	11	1876	35	1671	77	1473	â2	â13	â1	+4	+2	â4	+11	+62	+2	+25	+6	+52	644	274	224	146	327	183	134	1297	729
28	28	RU	1782	1	2085	24	1740	53	1449	0	+10	â1	+6	0	â14	â6	â4	+6	+40	+15	+78	812	314	379	119	431	174	207	1475	772
29	29	US	1766	9	1890	40	1645	94	1407	â3	â32	+12	+45	+16	+68	+8	+40	â13	â94	â5	â12	835	494	253	88	373	289	173	1273	1087
30	30	SE	1759	2	2012	17	1796	54	1578	+8	+28	+13	+40	+7	+30	+14	+57	â14	â101	+2	+22	1123	492	497	134	550	337	236	2230	1492
31	31	DZ	1743	19	1807	47	1622	110	1386	+1	â13	+4	0	+15	+47	+19	+75	â1	â13	+17	+83	697	262	236	199	314	198	185	1070	716
32	32	CI	1739	15	1863	45	1640	76	1475	+7	+11	+20	+62	+29	+149	+24	+105	+19	+96	+9	+33	699	243	238	218	353	168	178	1141	700
33	33	IR	1738	13	1853	41	1658	79	1445	â3	â26	â2	â22	â1	â30	â14	â82	â13	â88	â5	â11	673	222	196	255	383	134	156	1274	533
34	34	CA	1736	21	1841	49	1599	90	1471	â4	â28	â9	â48	â7	â61	â6	â33	+1	+1	+45	+214	496	158	200	138	193	187	116	639	630
35	35	EG	1732	12	1872	37	1662	70	1529	0	â10	+16	+43	+16	+67	+16	+66	+24	+129	+20	+111	891	357	280	254	448	218	225	1548	928
35	35	VE	1732	18	1829	83	1434	122	1217	+2	â1	+3	+5	+5	+15	â8	â38	+1	+18	+9	+39	485	179	181	125	130	247	108	525	876
37	37	KR	1722	16	1845	35	1687	83	1444	+3	â1	â5	â30	â7	â52	â2	â23	â6	â31	â15	â66	1058	356	256	446	575	224	259	1919	972
38	38	SQ	1721	1	2104	14	1877	64	1597	â5	â24	â9	â46	â4	â20	+5	+17	+11	+64	0	+3	871	404	411	56	411	271	189	1491	1081
39	39	IE	1717	4	1918	24	1626	64	1237	+7	+18	+10	+26	+20	+114	+25	+135	+16	+107	â13	â49	746	379	306	61	263	288	195	984	1164
40	40	KO	1708	37	1737	102	1422	120	1362	+2	â6	+2	â12	+15	+73	+39	+196	+40	+201	+66	+297	112	50	41	21	44	44	24	158	150
41	41	NG	1706	16	1826	38	1669	74	1500	â12	â61	â9	â46	+24	+122	+20	+116	+3	+26	+12	+76	719	242	265	212	333	181	205	1083	729
42	42	CL	1701	2	2040	29	1678	59	1383	â1	â16	+2	â9	+6	+11	+6	+12	â14	â78	â38	â290	856	328	310	218	319	349	188	1199	1224
43	43	WA	1698	3	1909	22	1671	85	1403	+5	+16	+3	0	â5	â26	+2	â3	â21	â110	â20	â83	738	347	359	32	237	334	167	921	1180
44	44	PE	1695	10	1916	35	1679	76	1485	+2	â4	+3	0	â2	â15	â4	â18	â23	â120	â26	â118	712	266	254	192	229	306	177	862	996
45	45	SI	1694	26	1777	54	1625	77	1518	+3	+12	+3	0	â9	â37	â19	â83	+11	+86	+14	+85	323	147	146	30	117	118	88	403	381
46	46	CD	1693	21	1782	62	1558	114	1388	â1	â11	+8	+38	+22	+117	+20	+118	+41	+225	+27	+151	556	167	226	163	229	175	152	845	651
47	47	HU	1691	1	2235	20	1835	74	1528	â4	â19	â2	â12	0	â4	â17	â75	â10	â19	â7	â16	1038	470	493	75	490	325	223	2079	1528
48	48	RS	1687	2	2018	20	1787	48	1516	â12	â47	â20	â82	â24	â118	â25	â96	â24	â110	â11	â34	868	304	428	136	406	270	192	1633	1189
49	49	PL	1681	2	2084	30	1713	62	1530	â6	â29	â12	â48	â7	â29	â16	â66	â22	â101	â29	â127	922	398	410	114	400	296	226	1565	1244
50	50	SK	1675	17	1775	40	1681	67	1567	+1	+8	+3	+2	â10	â42	â5	â26	â2	+15	â20	â66	370	160	166	44	152	131	87	525	461
51	51	CZ	1659	1	2033	13	1856	51	1659	â1	â21	â11	â67	â18	â102	â12	â63	â32	â169	â12	â53	891	364	418	109	428	263	200	1637	1109
52	52	BA	1655	20	1806	53	1626	90	1469	+11	+50	+14	+61	+25	+138	+34	+164	+1	+23	â27	â113	287	118	140	29	106	113	68	403	396
53	53	UZ	1653	25	1766	60	1597	93	1428	+3	+22	â15	â74	â14	â66	â6	â38	+19	+105	â8	â30	372	132	129	111	182	115	75	645	415
54	54	PA	1646	27	1773	99	1364	143	1154	â2	â12	â18	â91	â19	â87	â18	â84	+6	+46	â7	â18	599	201	229	169	197	255	147	745	921
55	55	SA	1634	29	1736	76	1498	128	1238	+10	+38	+16	+66	+7	+47	+7	+45	â3	â4	+16	+79	846	328	151	367	399	249	198	1291	904
56	56	AL	1632	37	1675	74	1498	116	1362	+4	+16	0	â14	+1	+1	â2	â6	+8	+60	â5	â3	409	190	186	33	115	209	85	394	601
57	57	EI	1630	13	1853	41	1654	111	1396	+6	+25	+7	+30	+8	+46	+19	+109	+1	+24	â8	â22	614	277	299	38	173	290	151	646	928
57	57	GE	1630	31	1754	70	1554	104	1434	â4	â24	â2	â23	â13	â70	â26	â124	+24	+145	+32	+159	323	143	148	32	107	147	69	415	445
59	59	JO	1622	40	1701	111	1325	153	1094	â2	â6	â9	â68	â3	â11	â2	â8	+27	+148	+19	+99	589	202	193	194	207	223	159	734	726
60	60	ML	1621	42	1651	70	1523	129	1302	+7	+33	+5	+25	0	+24	0	+30	+11	+71	+4	+51	627	196	235	196	251	206	170	828	719
61	61	BO	1613	21	1798	60	1510	92	1243	â2	â8	â4	â32	â12	â76	â6	â23	0	+27	â9	â21	540	189	206	145	122	297	121	551	1066
61	61	IL	1613	23	1775	50	1617	88	1393	â7	â34	â2	â21	â8	â25	+9	+56	â11	â42	+9	+56	535	255	216	64	198	214	123	815	790
63	63	CM	1606	14	1850	53	1604	80	1442	â2	â8	â2	â8	+4	+27	+2	+29	+5	+45	â9	â16	663	185	248	230	288	172	203	956	714
64	64	IS	1591	18	1841	81	1425	127	1259	+6	+23	+5	+20	+8	+29	+3	+17	+6	+36	â35	â156	529	217	252	60	161	263	105	639	886
65	65	RO	1590	5	1944	29	1717	66	1501	â10	â49	â5	â37	â13	â60	â25	â123	â18	â77	â23	â115	804	334	379	91	355	249	200	1309	1026
66	66	HT	1586	36	1674	81	1418	129	1265	+15	+69	+11	+54	+17	+98	+11	+70	+10	+60	+16	+75	569	181	197	191	250	201	118	973	772
67	67	ZA	1579	7	1847	30	1723	99	1449	+6	+19	+12	+54	+9	+52	+6	+29	+8	+51	â7	â23	529	274	162	93	234	140	155	728	542
68	68	CR	1564	9	1866	36	1690	78	1475	â6	â45	â7	â50	â18	â102	â16	â98	â11	â43	â48	â244	792	260	281	251	356	245	191	1372	925
68	68	HN	1564	23	1789	63	1501	111	1331	+1	â6	+1	â7	â4	â21	+13	+59	â5	â13	0	+4	670	213	218	239	264	233	173	967	862
70	70	AE	1562	37	1692	98	1396	163	980	+5	+22	+5	+22	+3	+13	+4	+24	+15	+85	â7	â18	677	287	141	249	265	238	174	941	832
71	71	NM	1561	40	1667	72	1539	110	1402	â5	â28	â4	â28	â13	â62	0	+8	â5	â3	+31	+136	308	143	135	30	96	133	79	367	418
71	71	NZ	1561	29	1642	66	1501	102	1340	+6	+27	â3	â24	â9	â26	â2	â8	+10	+76	+2	+19	447	135	190	122	182	183	82	777	663
73	73	CV	1560	58	1625	120	1304	146	1172	â15	â62	â1	+11	+1	+16	â1	+9	+25	+142	+15	+84	259	81	92	86	96	100	63	279	288
74	74	AO	1557	52	1629	86	1457	161	1213	0	+14	â1	+13	â5	â17	â11	â26	+50	+220	+83	+337	476	166	185	125	176	140	160	579	490
75	75	IQ	1546	20	1740	47	1629	96	1456	â3	â15	â12	â61	â4	â18	â22	â114	â21	â69	+20	+86	766	138	232	396	360	193	213	1204	722
76	76	TN	1533	24	1757	47	1616	87	1438	â5	â29	â18	â103	â22	â103	â27	â146	â30	â135	â8	â27	781	338	253	190	330	234	217	1109	859
77	77	FI	1532	14	1757	62	1501	121	1247	â1	â4	â3	â10	â2	â10	â19	â75	â37	â172	â10	â29	826	337	431	58	218	440	168	977	1696
78	78	BF	1524	56	1617	98	1403	137	1265	0	â5	0	â6	+1	+15	+1	+12	â13	â41	+15	+60	495	155	188	152	171	192	132	616	678
79	79	JM	1514	38	1700	83	1414	133	1221	0	â13	â3	â21	â9	â56	â20	â81	â5	â18	+6	+19	721	274	268	179	281	273	167	964	945
79	79	BY	1514	43	1666	80	1506	120	1350	+1	â8	+2	+1	+6	+39	+9	+50	+5	+32	â22	â98	310	105	160	45	91	138	81	348	447
81	81	GH	1512	10	1877	42	1650	101	1425	â13	â64	+1	+6	+1	+22	+4	+12	â19	â70	â25	â106	785	248	299	238	371	217	197	1252	832
82	82	PS	1511	66	1511	121	1255	159	1155	+3	+46	+5	+42	+7	+63	+19	+101	+13	+80	+37	+165	295	19	114	162	86	128	81	381	450
83	83	GT	1509	30	1642	68	1486	108	1382	â1	+5	â3	â5	â3	+2	â1	+6	+5	+50	â1	â2	630	206	181	243	226	238	166	886	861
84	84	CW	1494	26	1618	97	1381	188	1011	+7	+56	+6	+58	+20	+87	+47	+167	+12	+67	+85	+328	506	176	178	152	205	176	125	896	784
85	85	ME	1490	34	1720	61	1595	94	1440	+2	+29	+4	+50	â4	â2	â8	â26	â6	â22	â20	â79	176	92	79	5	60	73	43	210	242
86	86	OM	1485	53	1633	127	1212	182	782	â3	+6	â2	â5	â8	â31	â2	â16	â9	â35	+4	+16	597	230	146	221	224	220	153	761	789
87	87	SY	1479	52	1618	86	1428	123	1253	â4	0	â4	â12	+8	+47	+10	+39	+4	+34	â7	â36	600	125	226	249	223	228	149	861	765
88	88	SR	1470	26	1592	84	1404	170	1160	+4	+39	+4	+39	+9	+46	+39	+133	+38	+136	+74	+261	542	231	221	90	239	175	128	983	740
89	89	GM	1469	89	1469	118	1309	144	1189	+8	+50	+8	+46	+3	+26	+36	+127	+24	+98	+52	+192	301	109	101	91	83	136	82	325	436
90	90	GN	1463	22	1773	72	1516	128	1302	â4	â1	â4	â7	â4	â3	+4	+18	+4	+31	â15	â72	648	173	264	211	252	212	184	955	806
91	91	QA	1456	26	1771	93	1416	164	963	+8	+45	+4	+31	â7	â31	â24	â118	â46	â217	â15	â77	705	328	148	229	291	235	179	999	837
92	92	UG	1447	29	1625	74	1483	130	1306	+10	+52	+10	+52	+9	+31	+15	+57	0	+5	â7	â48	741	252	259	230	308	238	195	1115	889
93	93	NS	1442	64	1486	87	1450	105	1426	â3	0	â5	0	0	0	+2	0	â1	0	+6	+1	16	5	3	8	8	6	2	28	22
94	94	LU	1439	24	1520	108	1257	191	978	â5	â11	â4	+3	+7	+23	â5	â23	+8	+38	+57	+207	476	259	202	15	56	358	62	311	1228
95	95	BJ	1433	58	1540	109	1356	168	1130	+5	+27	â2	+3	â4	â11	+9	+26	â6	â16	+15	+40	356	129	143	84	88	182	86	369	625
96	96	VN	1426	62	1513	120	1297	176	1093	+22	+75	+21	+75	+36	+105	+54	+171	+5	+24	+49	+170	537	179	134	224	231	201	105	952	778
97	97	KD	1424	94	1424	100	1424	108	1403	â3	0	â1	0	0	0	+3	0	0	0	+6	0	4	2	0	2	3	0	1	12	3
98	98	BG	1423	7	1912	41	1632	98	1312	â10	â35	â13	â52	â4	â18	â15	â79	â25	â111	â37	â164	784	301	401	82	286	301	197	1095	1154
99	99	GA	1421	59	1593	95	1413	126	1268	+2	+19	+2	+19	â12	â44	â6	â25	0	+4	â2	â29	464	185	155	124	160	175	129	553	569
100	100	LY	1394	44	1617	82	1469	128	1321	â4	â26	â1	â26	â4	â35	+11	+17	+10	+21	â16	â111	460	165	167	128	165	186	109	622	614
101	101	KZ	1393	48	1622	100	1420	130	1306	â8	â35	â8	â37	+6	+4	â9	â64	+7	+18	+3	â22	275	104	125	46	70	145	60	288	459
102	102	GQ	1392	61	1604	150	1160	188	1008	+4	+12	+3	+1	â15	â73	â27	â131	+14	+30	+18	+53	198	80	65	53	57	97	44	183	290
103	103	ZM	1391	31	1710	60	1551	124	1344	+11	+20	+9	+20	+5	+15	+13	+33	â13	â56	â3	â43	881	283	361	237	394	262	225	1392	957
103	103	RW	1391	96	1462	144	1207	176	1034	+22	+54	+22	+54	+24	+51	+17	+38	+27	+77	+24	+82	292	108	101	83	92	126	74	303	366
105	105	MZ	1384	83	1495	116	1333	152	1211	+16	+42	+6	+12	â5	â34	â9	â57	+27	+77	+18	+55	446	168	177	101	140	194	112	471	587
106	106	EE	1383	32	1541	94	1351	175	1085	+11	+23	+17	+44	+12	+27	+12	+27	â6	â29	â10	â70	542	230	257	55	134	286	122	533	956
107	107	FO	1382	61	1386	122	1253	169	1154	â4	â4	â1	0	+33	+96	+45	+138	+38	+123	+40	+134	285	120	142	23	51	195	39	215	643
108	108	ZW	1381	43	1574	78	1462	146	1279	+5	+9	+4	+10	+11	+26	+21	+47	+15	+40	+4	â10	554	191	223	140	208	185	161	742	667
109	109	KM	1379	95	1434	185	944	206	830	+2	+5	+5	+16	â12	â45	+16	+37	+42	+145	+81	+413	161	30	36	95	42	82	37	147	249
110	110	TH	1376	67	1546	112	1317	141	1123	â1	+1	â1	+1	+12	+26	â12	â63	+27	+86	â2	â29	946	393	204	349	373	361	212	1510	1417
111	111	KP	1375	17	1803	63	1566	131	1315	â2	0	â2	0	â1	0	â8	â33	â4	â3	â34	â156	417	50	149	218	175	127	115	641	447
112	112	MG	1372	68	1508	104	1366	167	1162	â6	â8	â6	â10	+17	+41	+20	+48	+15	+42	+36	+131	359	120	122	117	136	144	79	496	539
113	113	NE	1371	99	1409	133	1239	159	1082	â8	â11	â10	â22	+1	+8	+40	+131	+38	+137	+20	+79	294	100	118	76	66	159	69	289	520
114	114	CN	1367	17	1752	49	1579	114	1367	â20	â57	â17	â56	â9	â36	â4	â13	â31	â116	â48	â201	770	274	267	229	373	233	164	1444	873
114	114	AM	1367	62	1589	102	1418	144	1243	â2	â6	â6	â12	â11	â45	â23	â91	â47	â195	â33	â145	285	117	132	36	67	159	59	287	542
116	116	TG	1366	48	1603	90	1439	144	1263	â8	â13	â1	+7	â2	+3	â3	â6	+28	+102	â9	â42	497	180	199	118	159	211	127	540	677
117	117	GW	1354	84	1415	126	1281	163	1177	+33	+106	+32	+106	+30	+87	0	â3	â14	â43	+25	+78	217	67	65	85	60	104	53	220	320
118	118	RE	1345	72	1395	125	1185	160	1047	+2	0	+2	0	+6	0	+6	0	â4	â24	â5	â36	139	53	38	48	55	55	29	237	252
119	119	SV	1343	32	1607	72	1470	130	1321	+2	+1	+2	+1	â7	â27	â18	â67	â41	â171	â10	â57	687	209	210	268	227	306	154	863	1027
120	120	KE	1341	52	1565	90	1379	140	1240	â4	â22	â4	â15	+6	0	â21	â92	â14	â45	â3	â15	783	292	284	207	294	294	195	1079	1064
121	121	SD	1340	24	1708	90	1444	155	1227	â2	â10	â3	â10	â13	â36	â13	â46	â2	â11	+17	+58	555	154	205	196	188	226	141	630	734
122	122	TT	1336	11	1662	61	1505	125	1313	â19	â50	â18	â56	â16	â54	â13	â48	â7	â32	â50	â212	875	345	366	164	375	307	193	1449	1136
123	123	MR	1335	98	1424	155	1117	182	911	+5	+6	+10	+24	+2	â8	0	â13	â5	â23	+6	+30	302	91	103	108	57	174	71	221	530
124	124	ID	1331	39	1579	101	1360	179	1099	â10	â40	+3	+1	â4	â23	â9	â30	+55	+229	+36	+115	790	256	193	341	302	333	155	1333	1276
124	124	GP	1331	50	1530	91	1408	166	1179	0	â7	0	â7	+4	â7	+3	â6	+31	+118	+16	+52	295	92	89	114	129	114	52	511	413
126	126	ZN	1321	101	1367	145	1120	169	936	+4	0	+4	0	+6	0	+8	0	+2	â2	+10	+35	219	38	45	136	39	132	48	186	461
127	127	GY	1318	15	1525	104	1295	182	1044	+10	+25	+11	+25	+22	+54	+24	+66	+43	+174	+29	+97	456	177	194	85	145	222	89	594	783
128	128	BH	1314	51	1634	109	1349	155	1074	â30	â100	â28	â104	â39	â134	â41	â164	â59	â246	â27	â116	640	218	159	263	223	251	166	782	836
129	129	AZ	1313	64	1550	108	1396	143	1257	0	â9	â7	â27	â16	â54	â39	â147	â20	â61	â19	â80	327	118	153	56	68	176	83	267	546
130	130	CY	1310	63	1575	101	1380	141	1250	+1	â4	+5	+9	+5	â1	+7	+1	+1	â2	â25	â102	433	237	190	6	84	272	77	393	939
131	131	SL	1307	65	1552	104	1368	158	1185	â10	â35	â12	â42	â11	â47	+9	+7	â10	â42	â16	â63	339	116	141	82	98	152	89	333	478
131	131	DO	1307	126	1329	167	1061	189	930	+14	+24	+14	+23	+9	+21	+23	+69	+32	+136	+18	+73	193	88	65	40	71	90	32	307	314
133	133	NA	1306	97	1428	136	1273	168	1118	+2	+3	+1	+3	â19	â57	â11	â43	â29	â82	â18	â64	306	102	122	82	78	136	92	296	425
134	134	MY	1304	58	1547	123	1286	185	1054	+3	+11	+4	+11	+2	â2	+8	+12	+22	+98	+41	+182	936	393	248	295	366	358	212	1527	1355
135	135	MD	1301	65	1556	110	1389	165	1169	+12	+31	+13	+39	+2	+1	â21	â63	+23	+101	â17	â46	305	116	148	41	61	173	71	250	527
136	136	KG	1296	127	1332	155	1204	178	1094	0	+1	+4	+5	â2	â17	+9	+21	+2	+19	+22	+77	193	50	74	69	56	105	32	213	337
137	137	BW	1295	100	1438	150	1168	190	997	+11	+28	+10	+28	â8	â36	+6	+11	â4	â6	0	+10	370	166	138	66	98	166	106	315	494
138	138	BI	1292	84	1465	125	1286	168	1163	+5	+6	+4	+5	+8	+23	â2	â20	+11	+51	â10	â16	243	53	90	100	74	113	56	276	337
139	139	LT	1291	47	1662	92	1317	151	1049	+7	+12	+1	0	+4	+6	â7	â33	â4	â1	â41	â156	421	172	208	41	108	230	83	421	760
140	140	LB	1290	79	1472	109	1328	164	1166	â1	+2	â14	â42	â17	â57	â1	â14	â30	â83	â26	â84	420	139	143	138	123	185	112	508	616
141	141	KW	1289	27	1733	84	1467	143	1175	â14	â43	â13	â39	â2	â5	â22	â66	â31	â84	â50	â177	766	268	178	320	321	252	193	1202	889
142	142	MQ	1286	39	1565	80	1458	142	1286	â9	â26	â10	â26	â31	â87	â38	â121	â38	â102	â50	â179	373	136	127	110	167	118	88	678	493
143	143	NI	1279	65	1373	146	1032	197	900	â17	â54	â14	â48	â14	â52	â31	â94	+7	+43	+1	+22	256	64	102	90	54	170	32	261	633
144	144	LR	1276	70	1518	112	1342	154	1218	â10	â28	â7	â21	+4	+11	+2	+12	â28	â86	â19	â44	344	147	145	52	91	177	76	319	525
144	144	TZ	1276	65	1514	117	1297	169	1130	â12	â37	â13	â37	â30	â87	â38	â118	â20	â61	â20	â46	664	248	239	177	197	281	186	764	960
146	146	LV	1269	41	1575	88	1394	155	1217	â7	â19	â11	â32	â8	â26	â11	â50	â12	â29	â59	â218	460	193	214	53	127	221	112	532	755
147	147	ET	1268	39	1639	99	1394	154	1238	â6	â19	â3	â17	+4	+18	â6	â30	â25	â79	â17	â35	476	217	163	96	171	201	104	657	693
148	148	TJ	1267	75	1503	123	1333	164	1195	â4	â17	â3	â17	â4	â14	â27	â83	â8	â2	+4	+36	214	57	85	72	80	88	46	307	302
149	149	CU	1265	21	1683	84	1438	161	1115	+2	+26	+2	+26	+6	+41	â11	â43	â9	â4	â23	â45	487	103	212	172	187	189	111	683	684
150	150	MT	1257	78	1435	119	1322	171	1155	â1	+2	+3	+20	0	â2	â1	â2	â4	+4	+3	+27	459	248	184	27	68	314	77	303	1022
151	151	MW	1247	48	1592	115	1328	153	1092	0	+8	â1	+6	â6	â29	â4	â16	â22	â74	â30	â85	701	307	245	149	233	265	203	819	903
152	152	YE	1242	109	1367	144	1212	178	1078	+8	+47	+10	+91	+20	+121	+22	+140	+13	+72	+11	+34	299	56	87	156	68	175	56	311	581
153	153	YT	1216	149	1233	157	1202	174	1124	+2	0	+2	0	+4	0	+4	0	+1	â8	+6	â2	41	2	11	28	13	17	11	55	59
154	154	TM	1209	67	1545	117	1356	161	1205	+2	0	+2	0	â2	â38	+4	+4	â18	â82	â19	â80	186	42	76	68	70	82	34	284	281
155	155	CF	1208	81	1417	124	1295	167	1177	â2	â28	â3	â30	â2	â24	â25	â123	â16	â66	â22	â84	166	32	67	67	36	96	34	182	330
156	156	CG	1207	33	1690	83	1469	160	1192	+1	0	+1	0	â2	â20	â8	â55	â37	â144	â62	â255	478	181	190	107	173	189	116	682	669
157	157	ER	1206	142	1246	163	1159	185	1057	+1	+4	+2	+4	+9	+66	+9	+66	+14	+66	+27	+131	88	20	29	39	17	51	20	62	143
157	157	GF	1206	71	1396	125	1247	172	1109	â3	â17	â3	â17	â1	â17	â13	â73	â17	â63	â15	â70	192	66	67	59	58	93	41	282	330
159	159	VC	1187	58	1501	110	1322	185	1030	+5	+46	+5	+46	+9	+50	+17	+103	+14	+48	+21	+83	367	138	136	93	133	150	84	569	649
159	159	LS	1187	125	1325	151	1181	179	1103	0	â11	â1	â18	0	â12	0	â17	â2	â14	+2	â28	359	115	147	97	71	183	105	283	586
161	161	NC	1186	50	1532	103	1357	176	1090	â20	â101	â19	â101	â21	â100	â6	â45	â18	â81	â29	â111	289	87	72	130	142	113	34	743	428
162	162	VU	1170	111	1263	156	1104	191	960	+7	+53	+9	+57	+18	+125	+13	+79	+1	â1	+5	â17	231	54	52	125	73	125	33	413	491
163	163	TI	1160	49	1592	103	1386	171	1137	â1	â17	â3	â17	â1	â17	â1	â27	â2	â33	â10	â70	256	58	73	125	137	83	36	698	387
164	164	PR	1155	100	1167	169	937	203	829	+1	+20	+1	+17	+5	+21	+1	+14	+20	+97	+22	+98	199	73	68	58	48	122	29	234	492
165	165	SG	1149	80	1415	134	1229	187	1041	+2	+15	+2	+12	+12	+76	+7	+38	+9	+13	+6	+10	786	329	189	268	250	377	159	1057	1414
165	165	SW	1149	119	1347	153	1168	181	1062	â2	0	â2	0	â7	â55	â9	â68	â17	â93	â43	â182	324	123	131	70	71	158	95	297	542
167	167	IN	1136	32	1643	112	1329	186	1030	+1	+8	â2	â2	â7	â45	â4	â34	â8	â63	+12	+31	609	178	168	263	217	262	130	832	998
168	168	PH	1131	27	1355	135	1069	220	679	â7	â48	â7	â36	+2	â1	+15	+89	+3	â9	â29	â149	403	112	128	163	101	241	61	440	1031
169	169	FJ	1119	78	1467	129	1246	179	1071	+3	+15	+4	+11	â6	â52	â9	â81	â16	â108	â20	â115	292	110	65	117	128	107	57	654	468
170	170	PG	1112	135	1223	165	1092	188	1017	â5	â23	â2	â23	+4	+8	+8	+33	â1	â38	+3	â24	169	30	44	95	55	82	32	356	362
171	171	SB	1110	110	1379	147	1182	179	1041	+8	+56	+8	+56	0	â16	â10	â78	â3	â47	0	â29	227	59	63	105	95	92	40	489	435
172	172	HK	1106	61	1527	123	1287	180	1057	+1	+6	â3	â14	â11	â72	â2	â9	â5	â55	â6	â82	517	186	152	179	179	236	102	820	881
173	173	SS	1097	163	1155	178	1088	188	1018	â2	â12	â1	â12	â7	â43	â2	â17	+8	+18	+4	â16	83	19	30	34	13	54	16	56	152
174	174	MU	1073	35	1634	108	1334	195	930	+2	0	+2	0	+1	â12	+10	+32	+15	+66	+7	â26	359	124	151	84	100	174	85	450	572
174	174	TD	1073	107	1318	136	1243	177	1073	+2	0	+2	0	â9	â72	â10	â86	â12	â108	â28	â181	182	45	59	78	35	105	42	165	340
176	176	BM	1068	91	1432	128	1283	177	1068	â7	â49	â6	â51	â12	â82	â7	â58	â29	â180	â12	â138	238	106	83	49	79	114	45	378	424
177	177	KN	1065	88	1388	138	1174	186	1002	+5	+35	+5	+35	+7	+39	â4	â41	â17	â132	â46	â236	254	123	80	51	106	101	47	436	397
178	178	AD	1062	169	1130	182	1050	196	952	â3	â18	â3	â15	â2	â12	â1	â21	+7	+25	+16	+105	234	93	108	33	15	186	33	78	548
178	178	BZ	1062	61	1201	140	1114	183	1034	â2	â11	â2	â11	0	+4	+2	+5	â1	â63	â11	â125	131	46	44	41	33	75	23	139	246
180	180	GD	1047	46	1548	102	1369	186	1047	â6	â51	â6	â52	â7	â59	â1	â23	â5	â88	â4	â70	312	115	117	80	103	131	78	490	567
181	181	ST	1037	153	1116	174	1056	190	985	0	+2	0	+2	+4	+12	+1	â9	+2	â27	0	â62	83	24	37	22	11	60	12	59	213
182	182	GI	1022	167	1151	178	1081	189	1002	+1	+11	+4	+20	+1	â10	â1	â32	0	â52	â4	â85	121	43	50	28	18	85	18	71	345
183	183	MF	1020	155	1120	187	983	214	755	â3	â22	â3	â22	â2	â24	+13	+104	+24	+167	+22	+156	89	18	38	33	35	45	9	149	193
184	184	MM	1014	34	1676	124	1243	199	896	+3	+31	+4	+32	+6	+57	+11	+96	+4	+3	+1	â53	571	126	147	298	226	239	106	934	989
185	185	MS	1008	116	1022	191	643	236	525	+6	+36	+7	+36	+3	+36	+3	+26	+10	+68	+42	+364	77	15	27	35	21	48	8	83	235
186	186	AW	1007	51	1443	126	1198	204	880	+2	+28	+3	+27	+10	+89	+7	+63	+11	+99	+12	+91	210	83	82	45	54	112	44	301	471
187	187	JS	1005	184	1005	188	1004	190	995	â3	0	â3	0	â1	0	â1	0	+3	0	0	0	2	0	0	2	1	0	1	4	3
188	188	LC	997	66	1353	126	1240	192	957	â3	â6	â3	â6	â6	â41	â21	â142	â2	â34	â5	â100	266	91	108	67	91	133	42	366	489
189	189	EH	996	186	996	189	996	192	996	â3	0	â2	0	â2	0	â2	0	+2	0	â1	0	1	0	1	0	0	1	0	0	6
190	190	SO	976	132	1218	166	1070	207	834	â1	â2	0	â2	+9	+71	+11	+82	+9	+69	+17	+133	154	10	51	93	15	116	23	81	385
191	191	AF	961	96	1165	168	919	210	778	+1	0	â8	â50	â12	â93	â23	â169	â16	â174	â21	â187	168	8	67	93	38	92	38	153	340
192	192	BB	960	53	1405	122	1242	200	898	+7	+62	+7	+62	0	+22	â3	+2	â12	â122	â18	â174	377	168	133	76	118	162	97	496	618
193	193	SX	956	164	976	187	908	213	757	â3	â18	â2	â18	0	+25	+9	+65	+20	+193	+9	+77	77	16	26	35	23	41	13	107	196
194	194	GL	945	163	1035	185	974	197	945	â1	0	â1	0	â3	0	â3	0	â1	â17	â3	â17	22	2	7	13	5	16	1	35	50
195	195	DJ	941	105	942	178	872	215	748	0	0	â1	0	0	+19	â1	â1	+6	+48	+20	+192	121	28	40	53	11	99	11	83	424
196	196	BD	919	151	1110	181	977	210	796	â2	â23	0	â13	+1	+9	+1	+6	+10	+64	+10	+64	337	98	99	140	89	175	73	309	633
197	197	PK	913	70	1456	154	1101	209	789	0	+2	+12	+99	+12	+96	+9	+85	+7	+31	â1	â42	298	65	105	128	73	171	54	317	654
198	198	MC	903	193	909	199	900	202	890	0	0	0	0	+2	0	+1	0	+2	0	+1	â6	9	0	1	8	4	2	3	11	15
199	199	LI	901	144	1241	167	1111	203	883	+1	+6	â2	â3	+1	â2	â9	â52	â21	â208	â34	â289	262	116	127	19	19	210	33	104	730
200	200	NP	893	169	1008	191	882	209	729	+2	0	+1	0	â6	â30	â2	â12	â8	â71	0	â11	296	75	91	130	68	175	53	247	668
201	201	AG	892	102	1319	145	1177	202	874	â1	â3	â1	â3	â3	â17	â10	â53	â35	â271	â46	â336	288	119	101	68	97	137	54	402	492
201	201	DM	892	59	1330	132	1195	201	892	â5	â43	â6	â43	â12	â76	â16	â123	â14	â130	â7	â65	250	73	97	80	61	134	55	290	495
203	203	KH	890	93	1391	158	1057	222	676	0	+19	+1	+46	+4	+55	+3	+62	+5	+52	+7	+106	324	84	95	145	75	203	46	376	828
204	204	LK	877	77	1044	161	932	227	647	+1	+41	+3	+50	+9	+124	+13	+169	+23	+224	+9	+118	289	72	91	126	60	178	51	288	700
205	205	TW	821	15	1771	145	1168	213	760	+2	0	+3	0	â3	â59	â5	â79	â8	â87	+3	+14	342	96	111	135	98	192	52	473	795
205	205	SM	821	165	1015	195	916	212	770	+1	â4	+1	â15	0	â20	+4	+23	+4	+5	â3	â58	230	112	110	8	3	215	12	44	905
207	207	SC	812	157	1123	182	986	207	812	â3	â41	â5	â41	â3	â34	â3	â47	â6	â81	â14	â147	192	53	58	81	26	133	33	144	430
208	208	BQ	807	81	1130	151	1036	209	807	0	â10	â3	â30	â2	â29	â3	â25	â14	â151	â19	â183	106	19	53	34	24	70	12	117	261
209	209	KY	800	153	1140	183	999	210	795	0	0	+1	â5	â1	â20	â1	â10	â6	â91	â12	â146	132	60	40	32	26	80	26	125	318
210	210	MV	796	161	1174	191	884	210	711	â1	â4	â7	â51	â7	â73	â7	â86	â14	â130	â19	â166	244	65	84	95	67	138	39	289	552
211	211	HG	782	208	805	211	783	213	773	0	0	0	0	â1	0	0	0	â1	+9	â2	â13	4	0	0	4	1	2	1	8	10
212	212	TV	756	179	819	204	745	217	719	0	0	0	0	0	0	0	0	+3	+19	+4	+31	34	0	4	30	9	21	4	47	182
213	213	EU	737	211	757	213	753	215	711	+1	0	0	0	+1	0	+2	0	+1	â20	+1	â20	11	3	8	0	5	2	4	33	30
214	214	WS	728	183	744	211	659	226	601	+3	0	+2	0	+2	0	0	â10	+9	+51	+7	+38	77	28	15	34	23	50	4	109	279
215	215	MN	726	147	897	190	843	227	650	+3	0	0	â4	0	â4	â3	â30	â3	â43	+10	+54	102	22	39	41	21	70	11	100	288
216	216	LA	725	144	1015	186	894	227	646	â1	â10	â2	â10	+2	+8	+8	+56	+4	+32	â5	â55	241	51	72	118	44	162	35	241	764
216	216	BL	725	215	730	217	706	221	694	+3	0	+2	0	+1	0	0	0	+1	+12	+4	+31	10	7	3	0	4	5	1	25	29
218	218	TL	713	215	741	226	630	236	530	â2	â20	+7	+41	+5	+25	+7	+67	+10	+72	0	0	98	5	49	44	13	77	8	88	304
219	219	GU	705	179	894	207	694	232	531	+1	0	0	â13	0	â8	+3	+24	â3	â22	â15	â166	132	25	44	63	31	88	13	169	592
220	220	WF	699	169	734	201	699	221	674	+1	0	0	0	0	0	â2	0	â2	0	â1	0	24	0	5	19	5	19	0	23	109
221	221	VA	692	212	705	218	697	223	686	+1	0	0	0	0	0	â1	0	0	0	+1	+6	5	0	0	5	0	3	2	1	6
222	222	AB	691	216	701	223	675	227	671	+1	0	0	0	0	0	â1	0	+3	+20	+4	+20	8	5	3	0	2	4	2	25	26
223	223	VG	687	173	932	207	788	232	590	â10	â56	â6	â40	+5	+60	+4	+48	+8	+86	+8	+83	142	35	64	43	24	94	24	129	410
224	224	VI	681	209	747	219	684	233	586	+5	+54	+7	+54	+7	+63	+9	+74	+2	+23	â7	â40	84	30	35	19	12	59	13	60	306
225	225	PM	677	218	698	223	678	226	677	0	0	â1	0	â1	0	â2	0	â2	0	â1	0	7	0	0	7	0	7	0	2	78
225	225	TC	677	205	830	211	764	230	631	+1	+20	+1	+20	+1	+20	+3	+46	â14	â94	â13	â84	58	18	22	18	14	38	6	57	199
227	227	BS	653	157	940	190	871	227	653	â3	â32	â4	â32	â17	â129	â17	â138	â22	â210	â26	â247	92	30	33	29	17	64	11	91	302
228	228	CK	639	176	738	206	681	232	620	+2	+17	+4	+17	+1	+17	+2	+17	â6	â47	â6	â47	58	6	14	38	14	40	4	54	281
229	229	TE	628	177	690	209	664	231	628	â1	0	+1	0	â2	0	0	0	0	0	0	â1	10	0	3	7	0	9	1	8	38
230	230	BT	622	185	693	219	598	238	526	0	0	â2	â14	0	+1	+1	+1	+4	+55	+4	+53	117	20	40	57	12	97	8	68	423
231	231	AI	619	196	672	224	557	237	497	â4	â27	â4	â27	+1	+3	â5	â25	+5	+63	+6	+66	121	31	53	37	16	91	14	74	424
232	232	MO	588	103	1098	175	945	233	588	0	0	+1	0	+1	â7	0	â27	â13	â110	â4	â42	160	51	49	60	24	119	17	141	483
233	233	CX	578	219	614	228	577	235	513	0	0	+1	0	+1	0	+1	0	0	0	0	0	10	6	4	0	7	2	1	29	8
234	234	FK	571	223	593	229	585	235	571	0	0	+1	0	+1	0	+1	0	â2	â9	â2	â9	4	0	1	3	0	4	0	0	25
235	235	FM	564	219	618	231	572	237	564	+1	0	+1	0	+1	0	+1	0	0	0	0	0	8	1	3	4	1	7	0	8	64
236	236	MH	559	235	571	237	559	237	559	+1	0	+1	0	+1	0	â	â	â	â	â	â	2	0	0	2	0	2	0	2	7
237	237	BN	552	167	949	202	775	237	552	â3	â19	â8	â80	â12	â117	â18	â141	â7	â71	â7	â54	155	30	43	82	27	115	13	121	496
238	238	KI	544	188	599	219	578	238	544	0	0	0	0	0	0	â1	0	â1	0	0	0	11	0	2	9	0	10	1	7	126
239	239	TO	520	181	727	214	650	239	480	0	0	0	0	0	0	â1	0	â1	â7	â3	â42	70	10	15	45	16	48	6	82	265
240	240	NU	496	194	500	225	496	240	496	0	0	0	0	0	0	â1	0	â1	0	â1	0	2	0	0	2	0	2	0	0	33
241	241	MP	432	214	682	233	511	243	396	0	0	0	0	0	0	â1	â20	+1	+22	+1	+20	36	7	11	18	5	28	3	43	153
242	242	CC	422	222	487	235	423	242	386	0	0	0	0	0	0	â1	0	â1	0	â1	0	10	4	6	0	2	7	1	8	29
243	243	PW	402	225	442	237	402	243	402	0	0	0	0	0	0	â1	0	0	0	0	0	2	2	0	0	0	2	0	3	27
244	244	AS	370	190	628	226	467	244	335	0	0	0	0	0	â19	â1	â19	â4	â102	â4	â93	59	0	15	44	5	52	2	36	385